-- Adminer 4.7.5 MySQL dump

SET NAMES utf8;
SET time_zone = '+00:00';
SET foreign_key_checks = 0;
SET sql_mode = 'NO_AUTO_VALUE_ON_ZERO';

SET NAMES utf8mb4;

DROP TABLE IF EXISTS `clientes`;
CREATE TABLE `clientes` (
  `id` int(11) NOT NULL AUTO_INCREMENT,
  `nome` varchar(50) COLLATE utf8mb4_unicode_ci NOT NULL,
  `email` varchar(50) COLLATE utf8mb4_unicode_ci DEFAULT NULL,
  `idade` int(11) DEFAULT NULL,
  `created_at` int(11) DEFAULT NULL,
  `updated_at` int(11) DEFAULT NULL,
  PRIMARY KEY (`id`)
) ENGINE=InnoDB DEFAULT CHARSET=utf8mb4 COLLATE=utf8mb4_unicode_ci;

INSERT INTO `clientes` (`id`, `nome`, `email`, `idade`, `created_at`, `updated_at`) VALUES
(1,	'Dr. Sara Alexa Aragão',	'clara64@ig.com.br',	30,	NULL,	NULL),
(2,	'Horácio Matos',	'adriana.aguiar@urias.com.br',	80,	NULL,	NULL),
(3,	'Srta. Carolina Ana Beltrão Neto',	'cdarosa@jimenes.org',	32,	NULL,	NULL),
(4,	'Thiago Mateus Bezerra',	'pamela.quintana@ig.com.br',	57,	NULL,	NULL),
(5,	'Renata Montenegro Cervantes Filho',	'lozano.nadia@yahoo.com',	78,	NULL,	NULL),
(6,	'Mel Alexa Maia',	'sara.goncalves@yahoo.com',	33,	NULL,	NULL),
(7,	'Sra. Ashley Padilha Neto',	'jmarin@uol.com.br',	50,	NULL,	NULL),
(8,	'Tessália Fabiana Paes Sobrinho',	'solano.simao@hotmail.com',	48,	NULL,	NULL),
(9,	'Julieta Pedrosa Uchoa',	'lovato.isaac@meireles.org',	17,	NULL,	NULL),
(10,	'Dr. Teobaldo Alexandre Gomes Neto',	'grivera@yahoo.com',	30,	NULL,	NULL),
(11,	'Srta. Joana Norma Verdugo',	'malena16@ig.com.br',	47,	NULL,	NULL),
(12,	'Sr. Pablo Vicente Serrano Sobrinho',	'deoliveira.luana@correia.com',	91,	NULL,	NULL),
(13,	'Sra. Daniela Galhardo Vega Filho',	'guerra.christian@mendes.br',	46,	NULL,	NULL),
(14,	'Srta. Micaela Grego Galhardo',	'teles.manuel@ig.com.br',	52,	NULL,	NULL),
(15,	'Paulo Aragão Padrão Filho',	'alexa86@terra.com.br',	117,	NULL,	NULL),
(16,	'Catarina Catarina Zaragoça',	'ivega@guerra.net.br',	116,	NULL,	NULL),
(17,	'Ariana Rodrigues Gonçalves Sobrinho',	'xlira@uol.com.br',	28,	NULL,	NULL),
(18,	'Silvana Isabel Cervantes Neto',	'alan.cervantes@delatorre.net',	25,	NULL,	NULL),
(19,	'Paulo Escobar',	'sara.grego@dias.net.br',	111,	NULL,	NULL),
(20,	'Sra. Emília Domingues Aranda Neto',	'alessandra27@esteves.org',	77,	NULL,	NULL),
(21,	'Vicente Mateus Marinho Neto',	'sara08@assuncao.org',	104,	NULL,	NULL),
(22,	'Sra. Daniela de Souza da Silva Jr.',	'sserna@r7.com',	94,	NULL,	NULL),
(23,	'Dr. Joaquin Colaço Padrão Sobrinho',	'maximo83@estrada.br',	38,	NULL,	NULL),
(24,	'Dr. Ricardo Sales Rivera',	'mesteves@sales.br',	82,	NULL,	NULL),
(25,	'Ian Fidalgo',	'fontes.demian@fidalgo.net',	109,	NULL,	NULL),
(26,	'Sra. Alma Ana Vila Jr.',	'isadora42@yahoo.com',	79,	NULL,	NULL),
(27,	'Sophie Camila de Aguiar Neto',	'apacheco@yahoo.com',	52,	NULL,	NULL),
(28,	'Srta. Luna Ivana Pedrosa Filho',	'isabel47@valencia.br',	102,	NULL,	NULL),
(29,	'Malena Dominato',	'ramires.violeta@gmail.com',	43,	NULL,	NULL),
(30,	'Thales Franco Neto',	'valeria.fernandes@r7.com',	16,	NULL,	NULL),
(31,	'Máximo Fernandes Jr.',	'valentin.deaguiar@vale.com.br',	117,	NULL,	NULL),
(32,	'Fernando Noel Guerra Filho',	'adriano.goncalves@terra.com.br',	35,	NULL,	NULL),
(33,	'Srta. Abril Joana Roque Jr.',	'mateus60@r7.com',	77,	NULL,	NULL),
(34,	'Sebastião Emiliano Quintana Jr.',	'christopher78@gmail.com',	84,	NULL,	NULL),
(35,	'Dr. Luara Vale Neto',	'chaves.rafaela@queiros.com.br',	61,	NULL,	NULL),
(36,	'Joaquin Benites',	'marinho.isabella@franco.br',	20,	NULL,	NULL),
(37,	'Giovane Barros Vasques Neto',	'batista.tais@paes.net.br',	107,	NULL,	NULL),
(38,	'Rebeca Manuela Torres Jr.',	'pablo38@yahoo.com',	66,	NULL,	NULL),
(39,	'Sr. Ivan Mateus Furtado Neto',	'dfontes@carrara.com',	31,	NULL,	NULL),
(40,	'Matias Simon Vale Sobrinho',	'fernando.dasneves@dominato.org',	54,	NULL,	NULL),
(41,	'Micaela Queirós Filho',	'usanches@teles.com.br',	42,	NULL,	NULL),
(42,	'Giovane Matias Maldonado Neto',	'sergio20@faro.com.br',	69,	NULL,	NULL),
(43,	'Sr. Natal José Marinho Jr.',	'htamoio@r7.com',	97,	NULL,	NULL),
(44,	'Fátima Vila Romero',	'lvieira@colaco.net',	15,	NULL,	NULL),
(45,	'Srta. Sabrina Sabrina Corona Sobrinho',	'allison14@rezende.com',	72,	NULL,	NULL),
(46,	'Máximo Furtado Montenegro',	'paulina13@gmail.com',	45,	NULL,	NULL),
(47,	'Noelí Salas Zamana Neto',	'vitoria.neves@tamoio.com.br',	43,	NULL,	NULL),
(48,	'Luciano Sanches das Neves',	'bezerra.thiago@ferreira.com',	28,	NULL,	NULL),
(49,	'Srta. Luciana Lutero de Aguiar Filho',	'sara.delvalle@ig.com.br',	85,	NULL,	NULL),
(50,	'Emiliano Flores Neto',	'gneves@velasques.br',	107,	NULL,	NULL),
(51,	'Sr. Bruno Cervantes Neto',	'ana25@dasneves.net.br',	85,	NULL,	NULL),
(52,	'Dr. Gabriela Barros Serrano Sobrinho',	'ferminiano.violeta@dasilva.br',	69,	NULL,	NULL),
(53,	'Sr. Inácio Pereira Jr.',	'beltrao.ashley@lira.com',	20,	NULL,	NULL),
(54,	'Dr. Eduardo Salgado Sobrinho',	'fontes.tessalia@ferraz.com',	80,	NULL,	NULL),
(55,	'Sofia da Silva Filho',	'isabella.neves@bonilha.com',	22,	NULL,	NULL),
(56,	'Ana Tamoio Escobar Filho',	'daniel.mascarenhas@ferreira.net',	116,	NULL,	NULL),
(57,	'Mariana Delatorre Jr.',	'neves.rafaela@balestero.net.br',	19,	NULL,	NULL),
(58,	'Dr. Pablo Pedro Perez Sobrinho',	'fonseca.aaron@yahoo.com',	61,	NULL,	NULL),
(59,	'Thalissa Reis Delatorre Jr.',	'alma24@terra.com.br',	79,	NULL,	NULL),
(60,	'Máximo Branco',	'asalgado@faro.com.br',	113,	NULL,	NULL),
(61,	'Vicente Demian Teles',	'sofia01@rios.net.br',	60,	NULL,	NULL),
(62,	'Srta. Adriana Luciana Dominato Sobrinho',	'fonseca.valentina@terra.com.br',	96,	NULL,	NULL),
(63,	'Dr. Vicente Montenegro Filho',	'julieta31@gmail.com',	94,	NULL,	NULL),
(64,	'Dr. Rebeca Camacho Delatorre',	'giovane34@ig.com.br',	55,	NULL,	NULL),
(65,	'Hugo Matias Rosa',	'allison.ramos@hotmail.com',	113,	NULL,	NULL),
(66,	'Mia Isabella Ferreira Jr.',	'zbarreto@dominato.com.br',	104,	NULL,	NULL),
(67,	'Miranda Faro Filho',	'erodrigues@romero.net.br',	31,	NULL,	NULL),
(68,	'Maitê Fernandes Vale Neto',	'samanta.sanches@branco.org',	77,	NULL,	NULL),
(69,	'Alan da Rosa',	'ketlin.avila@urias.br',	34,	NULL,	NULL),
(70,	'Sr. Andres Felipe Padrão',	'felipe.cruz@escobar.com',	113,	NULL,	NULL),
(71,	'Srta. Isabella Perez Ramires Filho',	'leonardo42@rodrigues.com.br',	23,	NULL,	NULL),
(72,	'Lucas Torres Delvalle',	'melissa94@terra.com.br',	91,	NULL,	NULL),
(73,	'Giovana Torres Filho',	'adriana.furtado@r7.com',	73,	NULL,	NULL),
(74,	'Dr. Sofia Carrara Rezende',	'salgado.emiliano@yahoo.com',	110,	NULL,	NULL),
(75,	'Srta. Mariana Quintana',	'carla58@valentin.net',	75,	NULL,	NULL),
(76,	'Mário Balestero Galindo Filho',	'reis.laura@medina.com.br',	105,	NULL,	NULL),
(77,	'Dr. Amélia Soares',	'gabriela.pontes@ig.com.br',	24,	NULL,	NULL),
(78,	'Dr. Andrea de Oliveira Sobrinho',	'pedrosa.jeronimo@yahoo.com',	27,	NULL,	NULL),
(79,	'Kevin Sales Jr.',	'prado.ziraldo@molina.com',	45,	NULL,	NULL),
(80,	'Dr. Inácio Velasques Faro Neto',	'hlovato@goncalves.com.br',	53,	NULL,	NULL),
(81,	'Sr. Máximo Alan Padrão',	'luzia.fernandes@r7.com',	69,	NULL,	NULL),
(82,	'Jerônimo Perez Sobrinho',	'silvana97@guerra.com',	112,	NULL,	NULL),
(83,	'Dr. Ivana Sofia Paes',	'beatriz.torres@terra.com.br',	41,	NULL,	NULL),
(84,	'Sra. Giovana Constância Ortiz',	'martines.noeli@r7.com',	88,	NULL,	NULL),
(85,	'Dr. Gabriel Paes Burgos',	'thiago51@santana.net',	53,	NULL,	NULL),
(86,	'Dr. Valentina Casanova Assunção',	'joao.santacruz@molina.br',	91,	NULL,	NULL),
(87,	'Antonieta Queirós Jr.',	'abril.zambrano@feliciano.br',	52,	NULL,	NULL),
(88,	'Abgail Sabrina Rivera',	'qmarin@uol.com.br',	102,	NULL,	NULL),
(89,	'Tomás José Verdugo',	'xquintana@terra.com.br',	26,	NULL,	NULL),
(90,	'Ian Ramos Feliciano',	'cvila@yahoo.com',	106,	NULL,	NULL),
(91,	'Constância Mariana Espinoza Sobrinho',	'christopher.galindo@brito.com.br',	49,	NULL,	NULL),
(92,	'Sr. Mário da Silva Ávila Filho',	'bruno.ferreira@marques.net.br',	23,	NULL,	NULL),
(93,	'Sr. Miguel Sandoval Grego',	'paulo63@r7.com',	67,	NULL,	NULL),
(94,	'Sr. Pablo Inácio Santacruz Neto',	'francisco50@ig.com.br',	101,	NULL,	NULL),
(95,	'Sra. Alessandra Chaves Vasques',	'mateus.romero@gmail.com',	61,	NULL,	NULL),
(96,	'Antônio Aragão Filho',	'salome.neves@yahoo.com',	38,	NULL,	NULL),
(97,	'Vicente Verdara Aragão',	'adesouza@faria.net',	56,	NULL,	NULL),
(98,	'Sr. Inácio Godói Queirós',	'deoliveira.luciano@uol.com.br',	85,	NULL,	NULL),
(99,	'Carolina Paz',	'julia.pacheco@uol.com.br',	98,	NULL,	NULL),
(100,	'David Vicente Ortega',	'cristovao34@hotmail.com',	40,	NULL,	NULL),
(101,	'Valéria Camacho Faria',	'abril.vieira@camacho.br',	37,	NULL,	NULL),
(102,	'Luciano Quintana Abreu',	'alonso14@tamoio.com',	96,	NULL,	NULL),
(103,	'Giovana Tessália Chaves Neto',	'julia.assuncao@yahoo.com',	107,	NULL,	NULL),
(104,	'Jerônimo Tamoio Bittencourt',	'cortega@uol.com.br',	31,	NULL,	NULL),
(105,	'Sr. Emanuel Carlos Santana Sobrinho',	'simao.zaragoca@r7.com',	77,	NULL,	NULL),
(106,	'Sr. Fernando Martines Filho',	'mariana80@uol.com.br',	75,	NULL,	NULL),
(107,	'Luis Serrano Ferraz',	'sergio19@terra.com.br',	48,	NULL,	NULL),
(108,	'Valentina Romero Sepúlveda Filho',	'dante39@hotmail.com',	101,	NULL,	NULL),
(109,	'Micaela Lutero',	'pedro80@uol.com.br',	68,	NULL,	NULL),
(110,	'Dr. Adriana Padilha',	'dante.ramires@gmail.com',	113,	NULL,	NULL),
(111,	'Sr. Alexandre Noel Saraiva Filho',	'xmadeira@hotmail.com',	46,	NULL,	NULL),
(112,	'Sr. Everton Maldonado Bezerra',	'anderson.pontes@ig.com.br',	22,	NULL,	NULL),
(113,	'Dr. Sabrina Ávila Filho',	'hernani.rios@hotmail.com',	29,	NULL,	NULL),
(114,	'Dr. Mateus Campos Sobrinho',	'jdacruz@ig.com.br',	31,	NULL,	NULL),
(115,	'Aaron Demian Leon',	'tais.teles@yahoo.com',	117,	NULL,	NULL),
(116,	'Srta. Fátima Cortês Sobrinho',	'violeta10@zamana.com',	26,	NULL,	NULL),
(117,	'Sr. José Matias Cruz',	'caldeira.tessalia@yahoo.com',	19,	NULL,	NULL),
(118,	'Dr. Sérgio Santana Lutero',	'laura20@marinho.net.br',	57,	NULL,	NULL),
(119,	'Dr. Santiago Ortega Filho',	'wmarin@terra.com.br',	48,	NULL,	NULL),
(120,	'Dr. Pedro Escobar',	'nfaro@ortiz.net',	120,	NULL,	NULL),
(121,	'Sr. Pablo Lovato Fontes Filho',	'madalena.franco@soares.com',	43,	NULL,	NULL),
(122,	'Sra. Gabriela Fernandes Fontes Sobrinho',	'alan.ortiz@uol.com.br',	66,	NULL,	NULL),
(123,	'Vicente Valentin Azevedo Neto',	'matos.mario@rangel.br',	47,	NULL,	NULL),
(124,	'Simon Rezende Sobrinho',	'ian.uchoa@hotmail.com',	36,	NULL,	NULL),
(125,	'Elizabeth Sabrina Gusmão Sobrinho',	'estrada.thales@terra.com.br',	116,	NULL,	NULL),
(126,	'Alma Nádia Sales Jr.',	'rosa.alonso@sepulveda.br',	65,	NULL,	NULL),
(127,	'Julieta Balestero',	'rserra@yahoo.com',	38,	NULL,	NULL),
(128,	'Sra. Miranda Luara Lira Sobrinho',	'bianca77@hotmail.com',	108,	NULL,	NULL),
(129,	'Ricardo Caldeira',	'olivia28@lira.com',	47,	NULL,	NULL),
(130,	'Gustavo Rivera Casanova',	'alovato@perez.com',	55,	NULL,	NULL),
(131,	'Rodrigo Perez Jr.',	'laura24@lutero.net.br',	50,	NULL,	NULL),
(132,	'Sra. Madalena Sales Zaragoça',	'thalissa.branco@galindo.com.br',	67,	NULL,	NULL),
(133,	'Martinho Sales Filho',	'regina11@verdugo.net.br',	16,	NULL,	NULL),
(134,	'Dr. Sabrina Velasques Sobrinho',	'oqueiros@terra.com.br',	38,	NULL,	NULL),
(135,	'Allison Garcia Casanova Filho',	'matos.thales@terra.com.br',	29,	NULL,	NULL),
(136,	'Hernani Anderson Ferminiano Jr.',	'diego61@r7.com',	106,	NULL,	NULL),
(137,	'Sr. Pablo Elias Balestero',	'verdugo.rebeca@hotmail.com',	54,	NULL,	NULL),
(138,	'Isabel D\'ávila',	'daniel.cervantes@hotmail.com',	96,	NULL,	NULL),
(139,	'Dr. Hernani Vega',	'marinho.christopher@zambrano.com.br',	116,	NULL,	NULL),
(140,	'Dr. Michele Estrada Neto',	'fdelgado@rezende.com',	117,	NULL,	NULL),
(141,	'Srta. Constância de Aguiar Vega',	'xvalencia@ig.com.br',	87,	NULL,	NULL),
(142,	'Sra. Julieta Soares Aguiar Sobrinho',	'medina.mia@flores.com',	75,	NULL,	NULL),
(143,	'Isabel Joana da Rosa',	'zgil@uchoa.net.br',	84,	NULL,	NULL),
(144,	'Francisco Assunção Sobrinho',	'henrique.bezerra@mascarenhas.org',	89,	NULL,	NULL),
(145,	'Carlos Marques Filho',	'carmona.josue@uol.com.br',	65,	NULL,	NULL),
(146,	'Srta. Sabrina Valentin Batista',	'ivan63@prado.com.br',	73,	NULL,	NULL),
(147,	'Inácio Barros Pacheco Jr.',	'luciano.branco@velasques.net',	17,	NULL,	NULL),
(148,	'Irene Camila Galhardo',	'josue84@oliveira.net.br',	61,	NULL,	NULL),
(149,	'Sr. Maximiano Giovane Teles Sobrinho',	'zlovato@yahoo.com',	86,	NULL,	NULL),
(150,	'Sra. Valéria Lovato Meireles',	'leal.daniel@hotmail.com',	90,	NULL,	NULL),
(151,	'Srta. Amélia Solano Lozano Neto',	'valeria44@beltrao.br',	42,	NULL,	NULL),
(152,	'Sr. Jerônimo Alan Rios Sobrinho',	'mendonca.inacio@grego.org',	31,	NULL,	NULL),
(153,	'Sra. Sofia Amélia Oliveira Sobrinho',	'ybeltrao@gmail.com',	61,	NULL,	NULL),
(154,	'Carolina Matos Filho',	'joaquin26@ig.com.br',	33,	NULL,	NULL),
(155,	'Jasmin Lira Reis Sobrinho',	'vicente97@hotmail.com',	62,	NULL,	NULL),
(156,	'Dr. Pablo Rosa Neto',	'lucas18@tamoio.com',	77,	NULL,	NULL),
(157,	'Maximiano Rezende Barros',	'noeli92@goncalves.com.br',	55,	NULL,	NULL),
(158,	'Dr. Luara Vega',	'solano.rebeca@ig.com.br',	65,	NULL,	NULL),
(159,	'Diego Gabriel Padrão Jr.',	'soto.david@salas.net',	105,	NULL,	NULL),
(160,	'Alessandra Fonseca',	'msaraiva@hotmail.com',	75,	NULL,	NULL),
(161,	'Dr. Taís Delgado Corona',	'francisco95@yahoo.com',	49,	NULL,	NULL),
(162,	'Sra. Natália Carla Aranda',	'emanuel88@reis.net',	93,	NULL,	NULL),
(163,	'Eduardo de Souza Neto',	'dazevedo@fidalgo.com',	17,	NULL,	NULL),
(164,	'Giovane Serrano Valentin',	'montenegro.rafaela@gmail.com',	114,	NULL,	NULL),
(165,	'Sr. Kevin Carmona',	'alessandra.azevedo@ig.com.br',	22,	NULL,	NULL),
(166,	'Ian Verdara Rico',	'mendonca.maximiano@r7.com',	30,	NULL,	NULL),
(167,	'Melissa Mendes Filho',	'ana.vasques@hotmail.com',	19,	NULL,	NULL),
(168,	'Francisco Marques Sobrinho',	'carla20@uol.com.br',	96,	NULL,	NULL),
(169,	'Luciana Madeira Gonçalves Jr.',	'elias29@gmail.com',	46,	NULL,	NULL),
(170,	'Srta. Luciana Lovato Aguiar Filho',	'fernando.lovato@yahoo.com',	57,	NULL,	NULL),
(171,	'Dr. Tábata Valdez',	'lrodrigues@terra.com.br',	65,	NULL,	NULL),
(172,	'Sr. Thiago Neves Padrão',	'lira.carla@r7.com',	94,	NULL,	NULL),
(173,	'Sr. Jorge Pedrosa',	'fatima.deoliveira@dominato.com.br',	72,	NULL,	NULL),
(174,	'Srta. Tábata Casanova Prado Sobrinho',	'jorge41@santana.com',	79,	NULL,	NULL),
(175,	'Dr. Giovana Martines Barros Filho',	'jacomo.barreto@ig.com.br',	35,	NULL,	NULL),
(176,	'Isaac Gomes Neto',	'julieta.rangel@mendonca.com.br',	117,	NULL,	NULL),
(177,	'Julieta Gusmão Barros',	'benjamin69@r7.com',	78,	NULL,	NULL),
(178,	'Sr. Miguel Rangel Sobrinho',	'andres86@r7.com',	104,	NULL,	NULL),
(179,	'Dr. Tomás Adriano Vale',	'giovana.vasques@r7.com',	88,	NULL,	NULL),
(180,	'Dr. Paulo Estêvão Pena Neto',	'matias49@abreu.net.br',	34,	NULL,	NULL),
(181,	'Ricardo Sales Jr.',	'tserna@desouza.com',	39,	NULL,	NULL),
(182,	'Sabrina Hortência Marinho',	'guerra.gustavo@terra.com.br',	105,	NULL,	NULL),
(183,	'Dr. Andres Furtado Padilha',	'norma31@queiros.net.br',	17,	NULL,	NULL),
(184,	'Dr. Rafael Zamana Sobrinho',	'thalissa.neves@rios.net.br',	39,	NULL,	NULL),
(185,	'Dr. Gabriel Miguel Galindo Neto',	'guilherme.zaragoca@salas.org',	88,	NULL,	NULL),
(186,	'Srta. Ivana Rios Matias Jr.',	'luciana72@batista.com.br',	21,	NULL,	NULL),
(187,	'Sr. Alan Madeira',	'madalena.valencia@gmail.com',	59,	NULL,	NULL),
(188,	'Dr. Henrique de Souza',	'manuela55@torres.net',	102,	NULL,	NULL),
(189,	'Mia Ramos',	'gian.vila@hotmail.com',	70,	NULL,	NULL),
(190,	'Srta. Júlia Isabella Padrão Sobrinho',	'sergio.lira@colaco.net.br',	51,	NULL,	NULL),
(191,	'Ashley Madalena Martines Jr.',	'thales31@torres.br',	24,	NULL,	NULL),
(192,	'Thales Franco Soto',	'mel39@yahoo.com',	64,	NULL,	NULL),
(193,	'Sr. Anderson Jimenes',	'jeronimo.leon@rocha.org',	105,	NULL,	NULL),
(194,	'Madalena Beltrão Abreu Jr.',	'fassuncao@ig.com.br',	65,	NULL,	NULL),
(195,	'Dr. David Rodrigues',	'isabella.meireles@ig.com.br',	100,	NULL,	NULL),
(196,	'Sr. Máximo Rafael Aragão',	'leal.santiago@santana.com',	83,	NULL,	NULL),
(197,	'Sra. Gabriela Carla Delgado Neto',	'bianca.santana@r7.com',	53,	NULL,	NULL),
(198,	'Amélia Maitê Ferminiano',	'daranda@ig.com.br',	42,	NULL,	NULL),
(199,	'Dr. Luna Silvana Ferreira Neto',	'jacomo.rios@soares.com',	106,	NULL,	NULL),
(200,	'Pâmela Júlia Marin',	'pdavila@avila.com',	57,	NULL,	NULL),
(201,	'Sr. Simão Ramires',	'maximiano18@grego.net.br',	101,	NULL,	NULL),
(202,	'Srta. Alma Violeta Leon',	'samanta57@avila.com',	24,	NULL,	NULL),
(203,	'Madalena de Oliveira Neto',	'valeria67@yahoo.com',	38,	NULL,	NULL),
(204,	'Francisco Romero Galindo',	'rdavila@marques.com.br',	21,	NULL,	NULL),
(205,	'Ivana Abril Abreu Jr.',	'kevin.galindo@terra.com.br',	77,	NULL,	NULL),
(206,	'Dr. Hernani Alan Madeira Jr.',	'melissa72@hotmail.com',	39,	NULL,	NULL),
(207,	'Gabriela Isadora Maia',	'cbarros@sales.br',	103,	NULL,	NULL),
(208,	'Dr. Emanuel Rios Padrão Filho',	'ariana.padrao@marques.br',	45,	NULL,	NULL),
(209,	'Sr. Ian Teobaldo de Aguiar',	'tomas.rezende@uol.com.br',	116,	NULL,	NULL),
(210,	'Dr. Luara Perez',	'horacio.santacruz@marinho.net',	41,	NULL,	NULL),
(211,	'Sr. Agostinho Jácomo Matos',	'bittencourt.mateus@ig.com.br',	72,	NULL,	NULL),
(212,	'Srta. Abgail Carrara Jr.',	'franco.pedrosa@medina.org',	110,	NULL,	NULL),
(213,	'Vicente Carlos Batista Neto',	'tverdara@rangel.com',	86,	NULL,	NULL),
(214,	'Estêvão Ferreira Rosa',	'bbittencourt@delatorre.org',	68,	NULL,	NULL),
(215,	'Jerônimo Lira Sobrinho',	'anderson12@aragao.net',	98,	NULL,	NULL),
(216,	'Dante Furtado Serrano Neto',	'valencia.irene@azevedo.com.br',	72,	NULL,	NULL),
(217,	'Dr. Santiago Diego Rangel',	'mdeaguiar@yahoo.com',	74,	NULL,	NULL),
(218,	'Alan Zambrano',	'jmaldonado@deoliveira.com.br',	72,	NULL,	NULL),
(219,	'Sr. Thiago Burgos',	'isabella.delgado@espinoza.com.br',	112,	NULL,	NULL),
(220,	'Sra. Luna Dominato Furtado Jr.',	'eguerra@yahoo.com',	30,	NULL,	NULL),
(221,	'Constância Salgado',	'wsoares@leon.net',	23,	NULL,	NULL),
(222,	'Dr. Júlia Saraiva Beltrão Neto',	'saraiva.juliana@fonseca.com',	29,	NULL,	NULL),
(223,	'Maximiano Pablo Feliciano Neto',	'ycaldeira@uol.com.br',	19,	NULL,	NULL),
(224,	'Dr. Anderson Chaves Camacho',	'jasmin.pena@uol.com.br',	110,	NULL,	NULL),
(225,	'Alma Camila Barros',	'zmartines@batista.com',	52,	NULL,	NULL),
(226,	'Valéria Nicole Dominato Jr.',	'rosa.christian@verdara.com.br',	21,	NULL,	NULL),
(227,	'Cristóvão Barreto Jr.',	'sbatista@barros.net',	93,	NULL,	NULL),
(228,	'Josué de Souza de Oliveira Sobrinho',	'bcamacho@hotmail.com',	55,	NULL,	NULL),
(229,	'Bianca Violeta Galvão',	'aflores@bezerra.com',	69,	NULL,	NULL),
(230,	'Michele Domingues Jimenes Jr.',	'lmartines@sanches.com',	43,	NULL,	NULL),
(231,	'Dr. Guilherme Branco',	'rafael.rodrigues@gusmao.com.br',	39,	NULL,	NULL),
(232,	'Dr. Emília Garcia das Neves',	'pablo.maia@yahoo.com',	97,	NULL,	NULL),
(233,	'Luana Batista Santiago',	'natal43@barros.com.br',	74,	NULL,	NULL),
(234,	'Dr. Emílio Alonso Ramos Jr.',	'jvale@rico.net',	63,	NULL,	NULL),
(235,	'Norma Rico Filho',	'kevin68@hotmail.com',	72,	NULL,	NULL),
(236,	'Fábio de Souza Brito Jr.',	'tdias@uol.com.br',	87,	NULL,	NULL),
(237,	'Sr. João Padrão Leal Filho',	'urias.allison@yahoo.com',	89,	NULL,	NULL),
(238,	'Everton Solano Beltrão',	'jmedina@yahoo.com',	30,	NULL,	NULL),
(239,	'Luis Rodrigo Santacruz',	'bittencourt.emilia@terra.com.br',	82,	NULL,	NULL),
(240,	'Sra. Paula Vila Filho',	'tvega@mendes.net',	103,	NULL,	NULL),
(241,	'Srta. Irene Olívia Delvalle Filho',	'cristovao03@lozano.com.br',	95,	NULL,	NULL),
(242,	'Nicole Meireles Duarte Jr.',	'furtado.luara@rezende.br',	43,	NULL,	NULL),
(243,	'Fábio Leal',	'laura.zamana@yahoo.com',	50,	NULL,	NULL),
(244,	'Sr. Horácio Santana Jr.',	'emilia.garcia@faro.com.br',	77,	NULL,	NULL),
(245,	'Sr. Estêvão Vega Madeira Jr.',	'sophie95@ortega.com.br',	110,	NULL,	NULL),
(246,	'Sra. Valentina Beltrão',	'silvana03@ig.com.br',	108,	NULL,	NULL),
(247,	'Dr. José Lucas Pena',	'tais43@hotmail.com',	45,	NULL,	NULL),
(248,	'Taís Mel Madeira',	'ygrego@yahoo.com',	59,	NULL,	NULL),
(249,	'Mário Sales Delatorre Filho',	'ana.rivera@ferreira.net.br',	106,	NULL,	NULL),
(250,	'Felipe Maximiano Vega',	'montenegro.emilia@gmail.com',	27,	NULL,	NULL),
(251,	'Sr. Elias Sérgio Caldeira Filho',	'everton.serna@cruz.com',	119,	NULL,	NULL),
(252,	'Amanda Tamoio Sobrinho',	'sfaria@mascarenhas.com.br',	94,	NULL,	NULL),
(253,	'Srta. Natália Nicole Mendes',	'vbalestero@r7.com',	81,	NULL,	NULL),
(254,	'Helena Teles Pacheco',	'matos.felipe@ig.com.br',	80,	NULL,	NULL),
(255,	'Dr. Sara Serna Sobrinho',	'pedrosa.camila@sanches.com.br',	81,	NULL,	NULL),
(256,	'Sr. Kevin Natal Balestero Neto',	'jasmin.ferreira@leon.com.br',	110,	NULL,	NULL),
(257,	'Malena Gil Meireles',	'sabrina07@matias.com.br',	20,	NULL,	NULL),
(258,	'Simon Demian Domingues Sobrinho',	'vale.norma@rosa.org',	78,	NULL,	NULL),
(259,	'Dr. Josefina Bonilha Paes Neto',	'rodrigo.quintana@paz.com.br',	107,	NULL,	NULL),
(260,	'Dr. Renata Godói Zambrano Sobrinho',	'alma21@yahoo.com',	49,	NULL,	NULL),
(261,	'Emanuel Leandro Verdara Sobrinho',	'brito.julieta@romero.net.br',	38,	NULL,	NULL),
(262,	'Suzana Godói',	'maite83@marinho.com',	110,	NULL,	NULL),
(263,	'Ornela Carrara Chaves Neto',	'regina62@yahoo.com',	95,	NULL,	NULL),
(264,	'Dr. Emílio Marinho Neto',	'zbatista@maldonado.com',	100,	NULL,	NULL),
(265,	'Dr. Noelí Isabella Santacruz Filho',	'benites.sergio@uol.com.br',	24,	NULL,	NULL),
(266,	'Henrique Ferraz',	'regina.rosa@hotmail.com',	76,	NULL,	NULL),
(267,	'Violeta Ortega Ramos Sobrinho',	'mares.juliana@r7.com',	17,	NULL,	NULL),
(268,	'Sr. Kevin Delvalle Flores Jr.',	'agustina45@desouza.net',	119,	NULL,	NULL),
(269,	'Dr. Inácio Cristóvão Camacho Neto',	'daniel92@mascarenhas.com',	35,	NULL,	NULL),
(270,	'Dr. Alonso Martinho Santiago',	'martinho26@hotmail.com',	41,	NULL,	NULL),
(271,	'Sr. Mário Aguiar Ávila',	'ferraz.ketlin@ig.com.br',	52,	NULL,	NULL),
(272,	'Miranda Pontes',	'giovane.benites@ig.com.br',	61,	NULL,	NULL),
(273,	'Isaac Furtado Fidalgo',	'tfernandes@jimenes.com',	42,	NULL,	NULL),
(274,	'Dr. Noel Aranda Neto',	'etorres@cruz.com',	81,	NULL,	NULL),
(275,	'Valentina Cordeiro Jr.',	'horacio.mendonca@montenegro.br',	36,	NULL,	NULL),
(276,	'Santiago D\'ávila Verdugo Neto',	'vale.isabella@r7.com',	50,	NULL,	NULL),
(277,	'Sr. Franco Adriano Sanches',	'carla.correia@ig.com.br',	120,	NULL,	NULL),
(278,	'Dr. Pedro Delatorre Jr.',	'lmontenegro@balestero.net.br',	117,	NULL,	NULL),
(279,	'Dr. Renata Amélia Sandoval',	'mariana.paes@caldeira.com.br',	17,	NULL,	NULL),
(280,	'Ariadna Lovato Cordeiro Jr.',	'fabio63@ig.com.br',	82,	NULL,	NULL),
(281,	'Dr. Santiago Martinho Esteves',	'emiliano52@aranda.net.br',	36,	NULL,	NULL),
(282,	'Renata Batista Filho',	'xmascarenhas@maia.com',	112,	NULL,	NULL),
(283,	'Sra. Juliana Guerra Estrada Neto',	'cmolina@serrano.com.br',	33,	NULL,	NULL),
(284,	'Franco Velasques Jr.',	'soares.salome@uol.com.br',	67,	NULL,	NULL),
(285,	'Carlos Gil Matias',	'gabriel82@rosa.com.br',	17,	NULL,	NULL),
(286,	'Daniela Zambrano Grego',	'faria.jacomo@uol.com.br',	105,	NULL,	NULL),
(287,	'Agostinho Fábio Molina',	'usantacruz@gmail.com',	83,	NULL,	NULL),
(288,	'Srta. Daniela Amélia Leon',	'tgrego@valentin.com',	104,	NULL,	NULL),
(289,	'Dr. Thales Aragão Neto',	'santiago.bianca@r7.com',	105,	NULL,	NULL),
(290,	'Dr. Ornela Fidalgo Ferraz Neto',	'christian36@ig.com.br',	65,	NULL,	NULL),
(291,	'Julieta Carmona Santiago',	'meireles.elias@terra.com.br',	94,	NULL,	NULL),
(292,	'Salomé Leal Perez Filho',	'nicole48@gmail.com',	74,	NULL,	NULL),
(293,	'Mário Santacruz de Souza',	'sandoval.aaron@rezende.org',	19,	NULL,	NULL),
(294,	'Diego Meireles Duarte Sobrinho',	'emarinho@yahoo.com',	55,	NULL,	NULL),
(295,	'Dr. Michele Lovato de Souza',	'faro.sophie@lira.com.br',	95,	NULL,	NULL),
(296,	'Andres Marinho Sobrinho',	'rocha.alonso@aguiar.com.br',	82,	NULL,	NULL),
(297,	'Maximiano Bezerra Santiago Filho',	'avila.ketlin@gmail.com',	47,	NULL,	NULL),
(298,	'Manuel Azevedo Pacheco Neto',	'hortencia.cordeiro@r7.com',	29,	NULL,	NULL),
(299,	'Sr. Fábio Gustavo Godói Jr.',	'csanches@hotmail.com',	98,	NULL,	NULL),
(300,	'Luciana Azevedo Saraiva Neto',	'samanta38@ferminiano.net.br',	120,	NULL,	NULL),
(301,	'Srta. Natália Escobar Balestero',	'adriana15@terra.com.br',	75,	NULL,	NULL),
(302,	'Isabella Elizabeth Ortega Jr.',	'ziraldo.salas@terra.com.br',	81,	NULL,	NULL),
(303,	'Sr. Noel Bonilha Aragão Sobrinho',	'clara.sepulveda@dasilva.org',	62,	NULL,	NULL),
(304,	'Agustina de Oliveira Bonilha',	'agostinho12@yahoo.com',	95,	NULL,	NULL),
(305,	'Pâmela Elizabeth Martines',	'mdacruz@mascarenhas.net',	91,	NULL,	NULL),
(306,	'Dr. Gabriel Pedro Queirós Filho',	'gdasneves@pereira.net.br',	104,	NULL,	NULL),
(307,	'Dr. Franco Rodrigo Delatorre Jr.',	'nuchoa@sanches.com.br',	19,	NULL,	NULL),
(308,	'Dr. Constância Aguiar Assunção',	'henrique83@camacho.com',	43,	NULL,	NULL),
(309,	'Sr. Noel Fernando Vasques Neto',	'fonseca.mariana@r7.com',	68,	NULL,	NULL),
(310,	'Maximiano Ortiz Marinho',	'asoto@quintana.com',	109,	NULL,	NULL),
(311,	'Carla Vieira Jr.',	'norma.ferreira@delatorre.com.br',	80,	NULL,	NULL),
(312,	'Thiago Torres Flores',	'wdomingues@desouza.com',	79,	NULL,	NULL),
(313,	'Sr. Samuel Pontes Mendonça',	'paes.fabiana@chaves.net.br',	27,	NULL,	NULL),
(314,	'Dr. Máximo Toledo da Rosa',	'mario.madeira@galhardo.com.br',	59,	NULL,	NULL),
(315,	'Sr. Elias Fábio Delvalle',	'wpontes@romero.org',	25,	NULL,	NULL),
(316,	'Valéria Martines Brito Filho',	'ketlin.dias@dasilva.com',	24,	NULL,	NULL),
(317,	'Dr. Constância Luciana de Souza',	'pqueiros@neves.com.br',	47,	NULL,	NULL),
(318,	'Inácio Azevedo Filho',	'prado.paulo@ortega.net',	52,	NULL,	NULL),
(319,	'Jasmin Vale Fernandes Sobrinho',	'joaquin.pacheco@marques.com',	81,	NULL,	NULL),
(320,	'Thales Santiago Zamana',	'daniel40@ig.com.br',	75,	NULL,	NULL),
(321,	'Srta. Salomé Ferreira Chaves',	'valdez.vicente@hotmail.com',	53,	NULL,	NULL),
(322,	'Dr. Salomé Michele Delvalle Jr.',	'vicente.zaragoca@r7.com',	57,	NULL,	NULL),
(323,	'Sr. Benjamin Horácio Prado Filho',	'bserrano@fontes.net.br',	98,	NULL,	NULL),
(324,	'Pedro Chaves Neto',	'hortencia.guerra@santana.com.br',	51,	NULL,	NULL),
(325,	'Miranda Melissa Carrara Sobrinho',	'paulo14@ig.com.br',	108,	NULL,	NULL),
(326,	'Horácio Pontes',	'rcarmona@ig.com.br',	25,	NULL,	NULL),
(327,	'Luis Meireles Medina Sobrinho',	'zambrano.david@teles.com',	114,	NULL,	NULL),
(328,	'Hortência Soto',	'oqueiros@verdugo.com',	32,	NULL,	NULL),
(329,	'Gabriela Dias Queirós',	'tleal@pedrosa.com.br',	30,	NULL,	NULL),
(330,	'Sr. Carlos Reis Sobrinho',	'santacruz.sergio@ig.com.br',	60,	NULL,	NULL),
(331,	'Camilo Teobaldo Santana',	'lucas55@r7.com',	111,	NULL,	NULL),
(332,	'Sr. Andres Carmona',	'hugo78@brito.net.br',	119,	NULL,	NULL),
(333,	'Fernando Alan Oliveira Neto',	'maximiano03@faro.com',	23,	NULL,	NULL),
(334,	'Amanda Salgado',	'horacio.beltrao@yahoo.com',	24,	NULL,	NULL),
(335,	'Dr. Franco Beltrão Abreu',	'matias.gusmao@terra.com.br',	95,	NULL,	NULL),
(336,	'Sra. Violeta Galvão',	'gabriela.rezende@ig.com.br',	69,	NULL,	NULL),
(337,	'Dr. Catarina Luzia Lutero',	'irene85@yahoo.com',	31,	NULL,	NULL),
(338,	'Dr. Luara Ashley Sales',	'domingues.julia@reis.net.br',	63,	NULL,	NULL),
(339,	'Adriano Ricardo Aguiar',	'catarina75@r7.com',	88,	NULL,	NULL),
(340,	'Sra. Maitê Madeira Jr.',	'gmarques@vega.net',	97,	NULL,	NULL),
(341,	'Dr. Emanuel Leonardo Dias',	'jacomo.ferreira@hotmail.com',	98,	NULL,	NULL),
(342,	'Dr. Carlos Serra',	'regina.barros@ig.com.br',	30,	NULL,	NULL),
(343,	'Adriano Kevin Sales',	'samanta.leal@uchoa.com.br',	111,	NULL,	NULL),
(344,	'Isabella Sofia das Dores Sobrinho',	'gabriela.cordeiro@gomes.net.br',	120,	NULL,	NULL),
(345,	'Dr. Maximiano Valência Teles Neto',	'malena.maia@romero.org',	50,	NULL,	NULL),
(346,	'Dr. Teobaldo Garcia Escobar',	'bmatias@yahoo.com',	86,	NULL,	NULL),
(347,	'Ariadna Montenegro Neto',	'henrique98@ferraz.br',	118,	NULL,	NULL),
(348,	'Alexa Gonçalves Valência Filho',	'evandro34@fernandes.net.br',	120,	NULL,	NULL),
(349,	'Dr. Daniel Prado Corona',	'julieta54@terra.com.br',	102,	NULL,	NULL),
(350,	'Luzia de Oliveira Pontes',	'assuncao.jorge@paz.br',	76,	NULL,	NULL),
(351,	'Ian Kevin Rivera',	'vasques.fernando@molina.com',	64,	NULL,	NULL),
(352,	'Srta. Paulina Leon Santana',	'cristovao76@verdugo.com',	40,	NULL,	NULL),
(353,	'Dr. Máximo Montenegro Sobrinho',	'grodrigues@uol.com.br',	120,	NULL,	NULL),
(354,	'Sr. Franco Christian Vega Jr.',	'ana.serna@perez.com.br',	82,	NULL,	NULL),
(355,	'Sr. Adriano Estêvão Rodrigues Neto',	'helena66@terra.com.br',	81,	NULL,	NULL),
(356,	'Dr. Abgail Martines',	'lutero.ziraldo@salgado.com.br',	87,	NULL,	NULL),
(357,	'Ricardo Feliciano da Silva Jr.',	'cervantes.julia@ig.com.br',	39,	NULL,	NULL),
(358,	'Noel Camilo Bonilha',	'constancia.chaves@uol.com.br',	75,	NULL,	NULL),
(359,	'Mel Pâmela Lira Sobrinho',	'azevedo.juliana@uol.com.br',	85,	NULL,	NULL),
(360,	'Maximiano Christian Molina',	'mares.mariana@salas.br',	77,	NULL,	NULL),
(361,	'Dr. Helena Matos Neto',	'zpontes@terra.com.br',	20,	NULL,	NULL),
(362,	'Dr. Tomás Rivera',	'urias.gustavo@correia.com',	82,	NULL,	NULL),
(363,	'Emiliano Molina Cordeiro Sobrinho',	'teobaldo.abreu@yahoo.com',	48,	NULL,	NULL),
(364,	'Malena Renata Queirós Sobrinho',	'alonso66@terra.com.br',	46,	NULL,	NULL),
(365,	'Dr. Silvana Martines Filho',	'felipe71@ig.com.br',	48,	NULL,	NULL),
(366,	'Salomé Ferreira Ortega Neto',	'catarina.dominato@terra.com.br',	27,	NULL,	NULL),
(367,	'Sr. Fábio Sales',	'noeli32@grego.com',	20,	NULL,	NULL),
(368,	'Sr. João Mendes',	'padrao.emiliano@matias.com.br',	106,	NULL,	NULL),
(369,	'Dr. Clara D\'ávila',	'velasques.isabel@gil.net.br',	64,	NULL,	NULL),
(370,	'Sra. Isadora Sales Sobrinho',	'paula.sanches@r7.com',	99,	NULL,	NULL),
(371,	'Gabriel Luciano Ramos Filho',	'michele.padrao@maldonado.com',	27,	NULL,	NULL),
(372,	'Srta. Adriana Amélia Batista',	'salgado.emanuel@faro.br',	31,	NULL,	NULL),
(373,	'Dr. Hernani Galhardo Ferreira',	'dante79@lira.net.br',	68,	NULL,	NULL),
(374,	'Giovane Gustavo Quintana',	'pedro.vieira@bezerra.com.br',	115,	NULL,	NULL),
(375,	'Dr. Alexa Leal Jr.',	'udavila@r7.com',	98,	NULL,	NULL),
(376,	'Srta. Laura Urias Pedrosa Sobrinho',	'vserra@sales.com',	106,	NULL,	NULL),
(377,	'Sra. Vitória Torres',	'ematos@ig.com.br',	92,	NULL,	NULL),
(378,	'Melissa Elizabeth Madeira Filho',	'amanda.franco@rivera.org',	23,	NULL,	NULL),
(379,	'Srta. Luciana Sophie Zaragoça',	'padrao.regina@gmail.com',	79,	NULL,	NULL),
(380,	'Catarina Benites Quintana',	'estevao.grego@uol.com.br',	23,	NULL,	NULL),
(381,	'Sr. Ian Maximiano Solano',	'srios@hotmail.com',	99,	NULL,	NULL),
(382,	'Srta. Ariana Marques Jimenes',	'wverdara@terra.com.br',	36,	NULL,	NULL),
(383,	'Matias Giovane Delvalle Jr.',	'bsepulveda@dasdores.net',	114,	NULL,	NULL),
(384,	'Sr. Benjamin Lozano Assunção Sobrinho',	'zlovato@uol.com.br',	117,	NULL,	NULL),
(385,	'Sra. Beatriz Beatriz Assunção Sobrinho',	'isabella.rico@galvao.net.br',	25,	NULL,	NULL),
(386,	'Dr. Ariadna Balestero',	'estevao32@uol.com.br',	111,	NULL,	NULL),
(387,	'Alessandra Emília Prado',	'agostinho.pena@branco.net',	112,	NULL,	NULL),
(388,	'Sr. Benjamin Lucas Toledo',	'leonardo.benites@dias.com.br',	103,	NULL,	NULL),
(389,	'Dr. Luciano Quintana Delatorre',	'pereira.sabrina@gmail.com',	107,	NULL,	NULL),
(390,	'Camilo Molina Neto',	'reis.paula@delgado.com.br',	96,	NULL,	NULL),
(391,	'Sr. Daniel Cristóvão Valência',	'ashley94@aguiar.com',	97,	NULL,	NULL),
(392,	'Alonso Gil Ferraz Filho',	'xdasdores@verdara.com',	102,	NULL,	NULL),
(393,	'Sra. Maitê Samanta Barreto Neto',	'david67@zambrano.net.br',	33,	NULL,	NULL),
(394,	'Agustina Hortência Lozano',	'adriana77@r7.com',	16,	NULL,	NULL),
(395,	'Dr. Abril Joana Lutero Filho',	'omarinho@dasdores.org',	92,	NULL,	NULL),
(396,	'Natal Maia Lutero',	'allison.espinoza@r7.com',	59,	NULL,	NULL),
(397,	'Srta. Sofia Bezerra',	'pablo84@ig.com.br',	57,	NULL,	NULL),
(398,	'Srta. Antonieta Antonieta Serna',	'beatriz.ferreira@yahoo.com',	100,	NULL,	NULL),
(399,	'Sr. Samuel de Oliveira',	'afaro@branco.org',	61,	NULL,	NULL),
(400,	'Srta. Bianca Madeira',	'zdeoliveira@vale.com.br',	107,	NULL,	NULL),
(401,	'Sr. Emanuel Quintana',	'gmolina@toledo.com.br',	66,	NULL,	NULL),
(402,	'Emílio Everton Vega Sobrinho',	'pamela.bonilha@gmail.com',	104,	NULL,	NULL),
(403,	'Dr. Silvana Domingues Sobrinho',	'david62@mares.com',	42,	NULL,	NULL),
(404,	'Daniela Soares Aragão',	'amanda72@lovato.net.br',	36,	NULL,	NULL),
(405,	'Sra. Amélia Ortega Sales Sobrinho',	'pamela60@r7.com',	67,	NULL,	NULL),
(406,	'Olívia Rezende Vasques Jr.',	'irene.balestero@yahoo.com',	84,	NULL,	NULL),
(407,	'Salomé Zambrano Serna Jr.',	'dzambrano@queiros.net.br',	81,	NULL,	NULL),
(408,	'Sr. Vicente Jorge Batista',	'christian.cortes@uol.com.br',	18,	NULL,	NULL),
(409,	'Sr. Teobaldo Thales Rico Sobrinho',	'mbarros@zamana.net.br',	77,	NULL,	NULL),
(410,	'Benjamin Simon Corona Sobrinho',	'vitoria.avila@r7.com',	31,	NULL,	NULL),
(411,	'Vicente Colaço',	'jose51@r7.com',	55,	NULL,	NULL),
(412,	'Sra. Regina Sophie Flores Sobrinho',	'leandro.galvao@goncalves.com',	96,	NULL,	NULL),
(413,	'Dr. Luis Roque de Oliveira Filho',	'xfranco@faro.net.br',	37,	NULL,	NULL),
(414,	'Sr. Rodrigo Guilherme Fontes',	'jeronimo.batista@r7.com',	36,	NULL,	NULL),
(415,	'Benjamin Santiago Neto',	'esteves.everton@rocha.com',	89,	NULL,	NULL),
(416,	'Sr. Mateus Valentin Rangel',	'krico@cervantes.net',	100,	NULL,	NULL),
(417,	'Sr. Lucas Jácomo Garcia Filho',	'leal.suzana@galhardo.br',	15,	NULL,	NULL),
(418,	'Dr. Horácio Verdara',	'adriana.gusmao@yahoo.com',	106,	NULL,	NULL),
(419,	'Laura Lutero Zaragoça',	'alexa73@gmail.com',	47,	NULL,	NULL),
(420,	'Nádia Toledo Sobrinho',	'wmarin@r7.com',	63,	NULL,	NULL),
(421,	'Srta. Laura Dominato Esteves',	'ashley.lozano@r7.com',	41,	NULL,	NULL),
(422,	'Dr. Mel Mendonça Sepúlveda',	'quintana.violeta@yahoo.com',	70,	NULL,	NULL),
(423,	'Dr. Alessandra Suzana Cordeiro',	'lsantana@terra.com.br',	114,	NULL,	NULL),
(424,	'Dr. Helena Correia Dias',	'zsepulveda@davila.net.br',	67,	NULL,	NULL),
(425,	'Dr. Agostinho Luciano Barreto Jr.',	'ziraldo17@rosa.net.br',	100,	NULL,	NULL),
(426,	'Agustina das Neves Perez',	'vgomes@desouza.net',	72,	NULL,	NULL),
(427,	'Srta. Mel Ferminiano',	'alonso01@rocha.net',	57,	NULL,	NULL),
(428,	'Ariana Roque',	'julia.beltrao@gmail.com',	95,	NULL,	NULL),
(429,	'Demian Ian Mascarenhas Sobrinho',	'batista.mel@davila.net',	33,	NULL,	NULL),
(430,	'Dr. Rafaela Teles Matias Jr.',	'mariana.escobar@cruz.com',	77,	NULL,	NULL),
(431,	'Alma Corona Neto',	'teobaldo.darosa@velasques.net.br',	100,	NULL,	NULL),
(432,	'Sra. Josefina Clara Vieira Jr.',	'qcarmona@urias.com',	31,	NULL,	NULL),
(433,	'Emílio Matos Sobrinho',	'pena.tessalia@hotmail.com',	70,	NULL,	NULL),
(434,	'Thalissa Dias Corona Neto',	'crodrigues@uol.com.br',	51,	NULL,	NULL),
(435,	'Paulo Barreto Ortega Filho',	'ziraldo.aragao@gmail.com',	38,	NULL,	NULL),
(436,	'Dr. Amanda Hortência Martines Jr.',	'marques.miguel@gmail.com',	46,	NULL,	NULL),
(437,	'Pâmela Silvana Vila Jr.',	'isabel.pena@mendonca.net.br',	15,	NULL,	NULL),
(438,	'Melissa Aragão Quintana',	'rbenites@gmail.com',	78,	NULL,	NULL),
(439,	'Pablo Queirós',	'nadia52@yahoo.com',	34,	NULL,	NULL),
(440,	'Ian Meireles Benites',	'vitoria56@ramires.org',	28,	NULL,	NULL),
(441,	'Dr. Isaac Gomes Fontes Sobrinho',	'bittencourt.ivana@gmail.com',	115,	NULL,	NULL),
(442,	'Dr. Hortência Rezende Aguiar',	'melissa46@gmail.com',	81,	NULL,	NULL),
(443,	'Melissa Barreto Neto',	'campos.elias@hotmail.com',	15,	NULL,	NULL),
(444,	'Sr. Mateus Mascarenhas Ramires Neto',	'ramires.josue@rosa.org',	106,	NULL,	NULL),
(445,	'Franco Samuel Marques',	'isabella90@benites.net',	77,	NULL,	NULL),
(446,	'Dr. Hernani Alan Fernandes',	'camila22@yahoo.com',	36,	NULL,	NULL),
(447,	'Ashley Fernandes Santacruz',	'martinho.rezende@romero.org',	78,	NULL,	NULL),
(448,	'Sra. Irene Cruz',	'regina81@gmail.com',	85,	NULL,	NULL),
(449,	'Sara Lira Sobrinho',	'regina.valdez@delgado.com',	49,	NULL,	NULL),
(450,	'Francisco Corona',	'adriano73@ig.com.br',	58,	NULL,	NULL),
(451,	'Regina Serna Vale',	'lutero.joao@uol.com.br',	90,	NULL,	NULL),
(452,	'Sr. Fernando Lira Sobrinho',	'alonso.meireles@ig.com.br',	33,	NULL,	NULL),
(453,	'Antonieta Marin Neto',	'isaraiva@terra.com.br',	30,	NULL,	NULL),
(454,	'Lucas Ferreira',	'felipe.sanches@yahoo.com',	119,	NULL,	NULL),
(455,	'Olívia Lozano',	'ivana85@hotmail.com',	86,	NULL,	NULL),
(456,	'Srta. Taís Meireles Neto',	'hzaragoca@ferreira.net',	48,	NULL,	NULL),
(457,	'Sra. Olívia Abreu',	'luara.duarte@davila.com',	103,	NULL,	NULL),
(458,	'Dr. Rodrigo Máximo Galindo',	'thales.vasques@ferminiano.com',	15,	NULL,	NULL),
(459,	'Fernando Serra',	'catarina.montenegro@yahoo.com',	114,	NULL,	NULL),
(460,	'Diego Meireles Pereira Sobrinho',	'paulo.colaco@yahoo.com',	117,	NULL,	NULL),
(461,	'Christopher Mateus Ramos Filho',	'ferreira.silvana@hotmail.com',	49,	NULL,	NULL),
(462,	'Sra. Abgail Salas',	'ferraz.valentin@terra.com.br',	90,	NULL,	NULL),
(463,	'Emiliano Serna Neto',	'alonso.assuncao@uol.com.br',	46,	NULL,	NULL),
(464,	'Dr. Dante Thiago Pereira Jr.',	'valeria.batista@padilha.com.br',	84,	NULL,	NULL),
(465,	'Sebastião Salazar Corona Filho',	'antonieta.aragao@lutero.net',	74,	NULL,	NULL),
(466,	'Rodrigo Dominato Pedrosa',	'dante84@yahoo.com',	82,	NULL,	NULL),
(467,	'Sr. Isaac das Dores',	'tmeireles@terra.com.br',	74,	NULL,	NULL),
(468,	'Dr. Gustavo Assunção',	'hortiz@gmail.com',	62,	NULL,	NULL),
(469,	'Lucas Guilherme Mendonça Neto',	'violeta.esteves@dias.com.br',	38,	NULL,	NULL),
(470,	'Sr. Ricardo Torres',	'julieta93@r7.com',	29,	NULL,	NULL),
(471,	'Madalena Pacheco Domingues',	'mascarenhas.camila@marques.com.br',	95,	NULL,	NULL),
(472,	'Emanuel Santacruz Gusmão Filho',	'ariana.abreu@assuncao.com',	113,	NULL,	NULL),
(473,	'Sra. Daniela Rebeca Domingues Sobrinho',	'udomingues@cruz.com',	100,	NULL,	NULL),
(474,	'Guilherme Quintana Cervantes',	'desouza.renata@padilha.com.br',	84,	NULL,	NULL),
(475,	'Santiago Fontes',	'matias.mel@cortes.br',	68,	NULL,	NULL),
(476,	'Jasmin Bezerra',	'vieira.thiago@gmail.com',	27,	NULL,	NULL),
(477,	'Isabella Abril Valdez',	'jasmin.cordeiro@saraiva.net.br',	114,	NULL,	NULL),
(478,	'Thiago Flores Sobrinho',	'pereira.noel@terra.com.br',	66,	NULL,	NULL),
(479,	'Dr. Amélia da Silva Tamoio Filho',	'malena.maia@ig.com.br',	27,	NULL,	NULL),
(480,	'Felipe Pena',	'rangel.demian@gmail.com',	110,	NULL,	NULL),
(481,	'Sra. Alma Isadora Gomes Filho',	'abittencourt@pedrosa.net.br',	42,	NULL,	NULL),
(482,	'Dr. Ricardo Neves Filho',	'mateus.rivera@galvao.br',	45,	NULL,	NULL),
(483,	'Srta. Olívia Teles',	'pablo23@mares.com.br',	63,	NULL,	NULL),
(484,	'Srta. Paulina Assunção',	'vpacheco@montenegro.com',	22,	NULL,	NULL),
(485,	'Agustina Velasques Jr.',	'elias86@santiago.br',	112,	NULL,	NULL),
(486,	'Nicole Pereira Sobrinho',	'zserra@rivera.com',	26,	NULL,	NULL),
(487,	'Laura Galvão Filho',	'pablo53@dasilva.com',	110,	NULL,	NULL),
(488,	'Kevin Miguel Rivera',	'francisco12@ig.com.br',	62,	NULL,	NULL),
(489,	'Micaela Batista Dominato Neto',	'ffurtado@yahoo.com',	37,	NULL,	NULL),
(490,	'Dr. Rafael Uchoa Romero',	'catarina.martines@velasques.net',	63,	NULL,	NULL),
(491,	'Mel Mia Vasques Neto',	'ybittencourt@toledo.com.br',	99,	NULL,	NULL),
(492,	'Dr. Tomás Cordeiro Sobrinho',	'regina67@brito.org',	62,	NULL,	NULL),
(493,	'Dr. Fátima Dias Santana',	'jeronimo.delvalle@r7.com',	96,	NULL,	NULL),
(494,	'Sr. Emílio Franco Maldonado',	'trios@yahoo.com',	120,	NULL,	NULL),
(495,	'Sra. Irene Caldeira Santiago',	'franco.sandoval@dominato.net.br',	18,	NULL,	NULL),
(496,	'Dr. Hugo Elias Pedrosa',	'mia36@terra.com.br',	85,	NULL,	NULL),
(497,	'Malena Silvana Marinho',	'tabata74@desouza.net',	67,	NULL,	NULL),
(498,	'Andres Anderson Leon Neto',	'jimenes.thalissa@urias.com',	112,	NULL,	NULL),
(499,	'Noel Franco Domingues Sobrinho',	'daniel64@r7.com',	86,	NULL,	NULL),
(500,	'Sr. Bruno Mendes Galindo Neto',	'iquintana@abreu.com',	23,	NULL,	NULL),
(501,	'Srta. Ana Paula Franco Sobrinho',	'christopher.perez@gmail.com',	87,	NULL,	NULL),
(502,	'Dr. Michele Assunção',	'rsepulveda@r7.com',	83,	NULL,	NULL),
(503,	'Emília Salazar Batista',	'luciano07@ig.com.br',	83,	NULL,	NULL),
(504,	'Sra. Norma Rangel',	'julia.azevedo@ig.com.br',	52,	NULL,	NULL),
(505,	'Laura de Oliveira Neto',	'jmartines@terra.com.br',	50,	NULL,	NULL),
(506,	'Srta. Paulina Joana Marin Sobrinho',	'joao.paes@galvao.com',	43,	NULL,	NULL),
(507,	'Dr. Adriana Aragão Filho',	'francisco.colaco@padilha.org',	86,	NULL,	NULL),
(508,	'Clara Mel Gusmão Filho',	'estevao35@mendes.com.br',	78,	NULL,	NULL),
(509,	'Luciano Zambrano',	'hernani47@r7.com',	42,	NULL,	NULL),
(510,	'Dr. Bruno Christian Bittencourt',	'teobaldo.uchoa@abreu.com.br',	85,	NULL,	NULL),
(511,	'Gabriela Martines Sobrinho',	'alexandre.darosa@dasdores.com.br',	113,	NULL,	NULL),
(512,	'Sra. Valentina Tamoio Neto',	'velasques.nicole@uol.com.br',	107,	NULL,	NULL),
(513,	'Jácomo Leonardo Mascarenhas Neto',	'rebeca.branco@tamoio.com.br',	69,	NULL,	NULL),
(514,	'Sra. Luciana Quintana Vega Sobrinho',	'tgarcia@campos.com',	115,	NULL,	NULL),
(515,	'Demian Lozano Beltrão',	'alexandre.delatorre@terra.com.br',	54,	NULL,	NULL),
(516,	'Carlos Batista Colaço Filho',	'ysoares@branco.com.br',	98,	NULL,	NULL),
(517,	'Julieta Rosa Salas',	'vicente.corona@mares.com',	86,	NULL,	NULL),
(518,	'Srta. Joana Rangel Quintana Jr.',	'fmontenegro@terra.com.br',	89,	NULL,	NULL),
(519,	'Dr. Sophie Fernandes Aranda Jr.',	'abgail.leal@uol.com.br',	44,	NULL,	NULL),
(520,	'Dr. Sebastião Ávila Vega Sobrinho',	'agustina.rosa@guerra.com',	18,	NULL,	NULL),
(521,	'Estêvão Esteves Marés',	'jcordeiro@uol.com.br',	92,	NULL,	NULL),
(522,	'Sr. Martinho Colaço Furtado Neto',	'wsaraiva@burgos.com',	64,	NULL,	NULL),
(523,	'Sr. Santiago Soto Sobrinho',	'alonso.colaco@r7.com',	37,	NULL,	NULL),
(524,	'Giovana Assunção Guerra',	'stoledo@terra.com.br',	53,	NULL,	NULL),
(525,	'Dr. Natália Mascarenhas Neto',	'oliveira.mel@uol.com.br',	29,	NULL,	NULL),
(526,	'Srta. Sofia Marés',	'noeli55@garcia.com',	111,	NULL,	NULL),
(527,	'Abril Violeta Escobar Jr.',	'molina.laura@batista.com',	27,	NULL,	NULL),
(528,	'Sra. Mariana Ferraz',	'ricardo42@feliciano.com',	75,	NULL,	NULL),
(529,	'Joaquin Saraiva Zambrano Neto',	'alexa54@uol.com.br',	42,	NULL,	NULL),
(530,	'Srta. Nádia Vila Sobrinho',	'cruz.salome@bezerra.com.br',	32,	NULL,	NULL),
(531,	'Sra. Miranda Guerra Filho',	'zdesouza@padrao.net.br',	61,	NULL,	NULL),
(532,	'Carlos Saraiva Rocha Filho',	'imatos@r7.com',	18,	NULL,	NULL),
(533,	'Sra. Taís Olívia Aranda',	'simao.vale@vale.net',	107,	NULL,	NULL),
(534,	'Srta. Valentina Hortência Carmona',	'adriana.jimenes@r7.com',	19,	NULL,	NULL),
(535,	'Matias Paulo Cortês',	'lucas.solano@rios.net.br',	105,	NULL,	NULL),
(536,	'Sr. Christopher Everton Mendonça',	'lgarcia@matias.org',	79,	NULL,	NULL),
(537,	'Rebeca Faria Lira Jr.',	'lpadilha@yahoo.com',	69,	NULL,	NULL),
(538,	'Srta. Samanta Pena Sobrinho',	'isadora.carmona@toledo.net',	111,	NULL,	NULL),
(539,	'Dr. Ziraldo Pacheco Sobrinho',	'bfidalgo@hotmail.com',	88,	NULL,	NULL),
(540,	'Dr. Ricardo Ferminiano Verdugo Neto',	'nadia.correia@paes.com.br',	61,	NULL,	NULL),
(541,	'Dr. Alan Meireles',	'nmolina@davila.org',	48,	NULL,	NULL),
(542,	'Srta. Clara Rangel Filho',	'ddarosa@verdara.net',	36,	NULL,	NULL),
(543,	'Sr. Tomás Ramires Oliveira Jr.',	'uchaves@terra.com.br',	104,	NULL,	NULL),
(544,	'Paulo Correia Correia Sobrinho',	'maldonado.jeronimo@rezende.com.br',	107,	NULL,	NULL),
(545,	'Martinho Bittencourt Maia Sobrinho',	'zaragoca.tomas@yahoo.com',	23,	NULL,	NULL),
(546,	'Júlia Paulina Azevedo Neto',	'lutero.maximo@yahoo.com',	98,	NULL,	NULL),
(547,	'Pedro Cristóvão Mendonça Filho',	'mariana.toledo@galvao.com.br',	106,	NULL,	NULL),
(548,	'Santiago Guilherme de Souza',	'yrangel@domingues.com',	50,	NULL,	NULL),
(549,	'Dr. Eduardo Dominato',	'luciano96@yahoo.com',	81,	NULL,	NULL),
(550,	'Helena Micaela Pena Filho',	'grego.demian@medina.br',	89,	NULL,	NULL),
(551,	'Irene Ávila Teles Sobrinho',	'martines.julieta@ig.com.br',	27,	NULL,	NULL),
(552,	'Srta. Suzana Montenegro Azevedo',	'gestrada@terra.com.br',	18,	NULL,	NULL),
(553,	'Srta. Micaela Isabel Gomes',	'aaron.quintana@leon.org',	80,	NULL,	NULL),
(554,	'Dr. Nicole Thalissa Queirós',	'vieira.andres@ig.com.br',	103,	NULL,	NULL),
(555,	'Sophie Hortência Marques Sobrinho',	'queiros.paula@ferreira.org',	94,	NULL,	NULL),
(556,	'Srta. Nicole Nádia de Souza',	'vicente90@yahoo.com',	18,	NULL,	NULL),
(557,	'Agustina Flores Gonçalves Sobrinho',	'joaquin87@montenegro.com',	51,	NULL,	NULL),
(558,	'Srta. Fabiana Vila Rico Sobrinho',	'ovieira@hotmail.com',	52,	NULL,	NULL),
(559,	'Andres Batista Soares',	'aaron14@rosa.br',	41,	NULL,	NULL),
(560,	'Dr. Eduardo Carmona Valentin',	'barreto.christopher@desouza.com',	81,	NULL,	NULL),
(561,	'Henrique Tomás Cordeiro Jr.',	'demian56@yahoo.com',	33,	NULL,	NULL),
(562,	'Dr. Adriano Fernando Rosa Jr.',	'jserna@ig.com.br',	39,	NULL,	NULL),
(563,	'Sr. Carlos Inácio das Dores Neto',	'joao.grego@marin.com.br',	92,	NULL,	NULL),
(564,	'Dr. Lucas Verdugo Sobrinho',	'xdelvalle@hotmail.com',	85,	NULL,	NULL),
(565,	'Dr. Daniela Vitória Valência Jr.',	'rosa.samuel@vila.net',	84,	NULL,	NULL),
(566,	'Hortência Constância Velasques Jr.',	'noeli93@vieira.com.br',	54,	NULL,	NULL),
(567,	'David de Souza Sandoval',	'malena75@santana.net.br',	76,	NULL,	NULL),
(568,	'Salomé Beltrão',	'beatriz19@ig.com.br',	16,	NULL,	NULL),
(569,	'Bianca da Cruz',	'brito.simao@colaco.com.br',	110,	NULL,	NULL),
(570,	'Sr. Evandro Benjamin Cortês Neto',	'garagao@ig.com.br',	106,	NULL,	NULL),
(571,	'Gabriela da Cruz Torres Neto',	'pablo28@yahoo.com',	15,	NULL,	NULL),
(572,	'Giovane Isaac de Aguiar',	'ferreira.evandro@santana.br',	118,	NULL,	NULL),
(573,	'Carolina Medina Serna Neto',	'rafaela25@lira.org',	52,	NULL,	NULL),
(574,	'Dr. Ana Soares Galhardo Neto',	'mdasilva@gmail.com',	81,	NULL,	NULL),
(575,	'Dr. Guilherme Jácomo Faria Jr.',	'tsales@hotmail.com',	105,	NULL,	NULL),
(576,	'Giovana Ferraz',	'uortega@hotmail.com',	57,	NULL,	NULL),
(577,	'Dr. Kevin Valentin Pena',	'salazar.carolina@mares.com.br',	61,	NULL,	NULL),
(578,	'Dr. Christian Hernani Ávila',	'henrique35@yahoo.com',	111,	NULL,	NULL),
(579,	'Sr. Rodrigo Ferreira Reis',	'paes.fatima@r7.com',	84,	NULL,	NULL),
(580,	'Sra. Alma Santacruz Aguiar',	'ian.escobar@prado.net.br',	94,	NULL,	NULL),
(581,	'Sr. Alexandre Everton Matos Sobrinho',	'pacheco.adriano@grego.com',	37,	NULL,	NULL),
(582,	'Bianca Santana Marinho',	'zmadeira@zamana.net',	42,	NULL,	NULL),
(583,	'Srta. Clara Abril Pontes Neto',	'amanda.carrara@hotmail.com',	118,	NULL,	NULL),
(584,	'Sra. Carla Nicole Valdez Sobrinho',	'andrea.bittencourt@cervantes.br',	82,	NULL,	NULL),
(585,	'Dante Lira Duarte',	'maximiano06@valencia.net.br',	114,	NULL,	NULL),
(586,	'Srta. Renata Cervantes Flores Sobrinho',	'serna.jose@vieira.br',	86,	NULL,	NULL),
(587,	'Dr. Paulina Colaço Filho',	'ferreira.sabrina@paes.org',	25,	NULL,	NULL),
(588,	'Christian Feliciano Jr.',	'vila.simon@marques.net.br',	113,	NULL,	NULL),
(589,	'Micaela Fidalgo Zamana',	'rico.manuela@yahoo.com',	107,	NULL,	NULL),
(590,	'Dr. Sophie Romero Brito',	'joao.madeira@rios.com.br',	118,	NULL,	NULL),
(591,	'Dr. Eduardo Torres Filho',	'alonso91@terra.com.br',	61,	NULL,	NULL),
(592,	'Sérgio Jácomo Barros',	'regina.pereira@yahoo.com',	100,	NULL,	NULL),
(593,	'Paulina Madeira Sales',	'galindo.simon@gmail.com',	47,	NULL,	NULL),
(594,	'Joaquin Teles',	'pedro16@uol.com.br',	97,	NULL,	NULL),
(595,	'Sr. Inácio Matias Ortiz',	'meireles.alessandra@dasdores.com.br',	95,	NULL,	NULL),
(596,	'Dr. Eduardo da Cruz Ferreira Sobrinho',	'eramires@yahoo.com',	68,	NULL,	NULL),
(597,	'Luis Giovane Urias Filho',	'ysanches@sandoval.com.br',	68,	NULL,	NULL),
(598,	'Guilherme Ziraldo Meireles Sobrinho',	'emilia99@uol.com.br',	39,	NULL,	NULL),
(599,	'Dr. Sara Aragão Torres',	'pedrosa.emilia@bittencourt.br',	32,	NULL,	NULL),
(600,	'Helena Marinho Pedrosa Jr.',	'vicente.queiros@galvao.org',	18,	NULL,	NULL),
(601,	'Dr. Ivana Taís Vale Sobrinho',	'violeta.montenegro@cervantes.com.br',	99,	NULL,	NULL),
(602,	'Sr. Andres Francisco Camacho Jr.',	'salome25@maia.com',	42,	NULL,	NULL),
(603,	'Beatriz Pontes Sobrinho',	'inacio49@ortiz.com.br',	48,	NULL,	NULL),
(604,	'Alexandre Duarte Solano Neto',	'daniela.verdara@r7.com',	106,	NULL,	NULL),
(605,	'Dr. Felipe Vega Aguiar',	'giovana28@solano.net.br',	20,	NULL,	NULL),
(606,	'Sr. Ziraldo Lovato Neto',	'horacio.feliciano@gmail.com',	63,	NULL,	NULL),
(607,	'Sr. Diego Zambrano',	'asoto@uol.com.br',	36,	NULL,	NULL),
(608,	'Dante Dominato',	'pedro27@rezende.com',	66,	NULL,	NULL),
(609,	'Sr. Estêvão Barros Marques',	'isaac90@paes.com',	112,	NULL,	NULL),
(610,	'Dr. Martinho Reis Valentin Neto',	'ornela.estrada@hotmail.com',	110,	NULL,	NULL),
(611,	'Sra. Vitória Perez',	'vmolina@terra.com.br',	37,	NULL,	NULL),
(612,	'Noel Rocha Filho',	'alessandra.barros@uol.com.br',	112,	NULL,	NULL),
(613,	'Pâmela Aguiar Ferreira',	'vitoria98@terra.com.br',	89,	NULL,	NULL),
(614,	'Dr. Adriano David Carrara',	'irene.molina@uol.com.br',	21,	NULL,	NULL),
(615,	'Srta. Noelí Manuela Bittencourt',	'ivan.ramos@salazar.com',	49,	NULL,	NULL),
(616,	'Dr. Malena de Souza Feliciano',	'joaquin72@carrara.com.br',	94,	NULL,	NULL),
(617,	'Dr. Bruno Fernando Aguiar',	'bserrano@ig.com.br',	20,	NULL,	NULL),
(618,	'Alexandre Ferreira Cruz',	'guchoa@guerra.com.br',	86,	NULL,	NULL),
(619,	'Srta. Alessandra Ana Tamoio',	'camila.marinho@pedrosa.net',	75,	NULL,	NULL),
(620,	'Srta. Pâmela Ariana Zambrano Sobrinho',	'padilha.gian@aranda.com.br',	70,	NULL,	NULL),
(621,	'Ariana Marin',	'dacruz.emilio@yahoo.com',	100,	NULL,	NULL),
(622,	'Dr. Nádia Martines Flores Neto',	'constancia04@domingues.net.br',	33,	NULL,	NULL),
(623,	'Gustavo Hernani Perez',	'jacomo.barros@terra.com.br',	23,	NULL,	NULL),
(624,	'Dr. Vitória Isabel Casanova Neto',	'bianca.serra@madeira.br',	111,	NULL,	NULL),
(625,	'Laura Verdugo',	'inacio.quintana@martines.br',	115,	NULL,	NULL),
(626,	'Sr. Gabriel Martines Sobrinho',	'norma.correia@padilha.net',	119,	NULL,	NULL),
(627,	'Eduardo Ferraz Sobrinho',	'aqueiros@uol.com.br',	72,	NULL,	NULL),
(628,	'Sr. Thiago Sepúlveda Sobrinho',	'carla.ferminiano@serna.net',	75,	NULL,	NULL),
(629,	'Nicole Clara Maldonado Neto',	'tdelgado@sepulveda.org',	65,	NULL,	NULL),
(630,	'Sr. Adriano Thiago Pontes',	'franco.mario@leon.com.br',	46,	NULL,	NULL),
(631,	'Sr. Alexandre Godói Santana',	'simon.fidalgo@davila.com',	21,	NULL,	NULL),
(632,	'Srta. Gabriela Zambrano',	'samuel.duarte@ig.com.br',	89,	NULL,	NULL),
(633,	'Felipe Matias Colaço Jr.',	'ricardo08@deoliveira.com.br',	29,	NULL,	NULL),
(634,	'Rebeca Julieta Vasques',	'sebastiao88@goncalves.com.br',	80,	NULL,	NULL),
(635,	'Luara Serrano Rodrigues Jr.',	'aaron.dias@yahoo.com',	23,	NULL,	NULL),
(636,	'Dante Ricardo Franco',	'bianca56@terra.com.br',	83,	NULL,	NULL),
(637,	'Dr. Madalena Medina Campos',	'anderson23@r7.com',	46,	NULL,	NULL),
(638,	'Sr. Dante Serra Salgado Jr.',	'sara.queiros@soares.org',	69,	NULL,	NULL),
(639,	'Júlia Leon Jr.',	'antonieta.martines@r7.com',	48,	NULL,	NULL),
(640,	'Dante Quintana',	'sbarros@terra.com.br',	79,	NULL,	NULL),
(641,	'Dr. Ariana Tábata Burgos',	'ferreira.maximo@dasneves.com',	110,	NULL,	NULL),
(642,	'Sofia Toledo Sepúlveda',	'varanda@ramos.net.br',	97,	NULL,	NULL),
(643,	'Demian Salgado Galindo',	'tlozano@queiros.com',	61,	NULL,	NULL),
(644,	'Tessália Aragão Neto',	'luis80@correia.net',	21,	NULL,	NULL),
(645,	'Dr. Everton Marques Neto',	'vreis@uol.com.br',	28,	NULL,	NULL),
(646,	'Sabrina Vila Sanches',	'fatima76@serrano.org',	25,	NULL,	NULL),
(647,	'Daniel Rocha Dias',	'abril45@meireles.net.br',	96,	NULL,	NULL),
(648,	'Tábata Matias Serrano',	'noel.domingues@hotmail.com',	60,	NULL,	NULL),
(649,	'Benjamin Maia Filho',	'pedro.pedrosa@caldeira.com.br',	29,	NULL,	NULL),
(650,	'Sr. Felipe Estrada Lovato Neto',	'ccervantes@vale.com.br',	88,	NULL,	NULL),
(651,	'Sra. Regina Valéria Barreto',	'amares@vila.net',	66,	NULL,	NULL),
(652,	'Ivana Camacho Espinoza Filho',	'luis57@hotmail.com',	48,	NULL,	NULL),
(653,	'Srta. Alexa Azevedo Jr.',	'pedro27@sepulveda.com',	87,	NULL,	NULL),
(654,	'Gabriela Solano Duarte Filho',	'serra.hernani@velasques.org',	37,	NULL,	NULL),
(655,	'Srta. Júlia Juliana Torres',	'luara.delatorre@r7.com',	50,	NULL,	NULL),
(656,	'Elias Antônio Vasques',	'rivera.jasmin@uol.com.br',	21,	NULL,	NULL),
(657,	'Alexandre José de Souza',	'deoliveira.jose@terra.com.br',	110,	NULL,	NULL),
(658,	'Sr. Teobaldo Saraiva Jr.',	'esteves.guilherme@r7.com',	60,	NULL,	NULL),
(659,	'Sr. Alexandre Matias',	'isadora09@bezerra.br',	32,	NULL,	NULL),
(660,	'Santiago Uchoa Casanova',	'garcia.gian@cruz.net',	110,	NULL,	NULL),
(661,	'Eduardo Pedrosa Pontes Neto',	'camilo13@camacho.br',	56,	NULL,	NULL),
(662,	'Vitória Teles',	'ivana.pereira@fernandes.net.br',	23,	NULL,	NULL),
(663,	'Sr. Diego Lucas Vasques',	'daniela89@ig.com.br',	21,	NULL,	NULL),
(664,	'Srta. Hortência Beatriz D\'ávila',	'prado.diego@roque.com.br',	62,	NULL,	NULL),
(665,	'Dr. Eduardo Alan Pontes',	'saraiva.alexandre@camacho.net.br',	20,	NULL,	NULL),
(666,	'Christian Alan Paz Filho',	'joana.martines@yahoo.com',	40,	NULL,	NULL),
(667,	'Manuela Galindo Bittencourt Filho',	'nicole87@vale.com',	28,	NULL,	NULL),
(668,	'Srta. Agustina Sales',	'eduardo83@terra.com.br',	116,	NULL,	NULL),
(669,	'Gabriel Teobaldo Paes',	'simon.goncalves@martines.com.br',	76,	NULL,	NULL),
(670,	'José Dominato Jimenes Neto',	'domingues.abgail@terra.com.br',	88,	NULL,	NULL),
(671,	'Simon Felipe Perez',	'solano.felipe@caldeira.net',	61,	NULL,	NULL),
(672,	'Dr. Sebastião Valência Sobrinho',	'arocha@ig.com.br',	100,	NULL,	NULL),
(673,	'Sra. Camila Jimenes',	'rios.tomas@quintana.com',	76,	NULL,	NULL),
(674,	'Henrique das Neves',	'paulo04@burgos.org',	34,	NULL,	NULL),
(675,	'Dr. Amanda Duarte Duarte',	'henrique22@terra.com.br',	19,	NULL,	NULL),
(676,	'Daniela Norma Gil Jr.',	'xavila@paz.com',	61,	NULL,	NULL),
(677,	'Violeta Elizabeth Vega Filho',	'torres.melissa@correia.net',	39,	NULL,	NULL),
(678,	'Dr. Simão Sebastião Pacheco Neto',	'vdasdores@prado.org',	61,	NULL,	NULL),
(679,	'Jorge Meireles Balestero',	'henrique20@hotmail.com',	55,	NULL,	NULL),
(680,	'Dr. Renata Corona das Dores',	'carlos15@jimenes.org',	39,	NULL,	NULL),
(681,	'Sra. Renata Lutero Queirós Filho',	'tamoio.giovana@ig.com.br',	59,	NULL,	NULL),
(682,	'Pedro Rezende Jr.',	'batista.luciano@domingues.net',	101,	NULL,	NULL),
(683,	'Dr. Alma Furtado Domingues Filho',	'lira.miranda@r7.com',	95,	NULL,	NULL),
(684,	'Rodrigo Fábio Zaragoça Sobrinho',	'luna48@duarte.com.br',	60,	NULL,	NULL),
(685,	'Josué Luis Pedrosa',	'godoi.hortencia@uol.com.br',	99,	NULL,	NULL),
(686,	'Dr. Benjamin Valência',	'jcampos@uol.com.br',	15,	NULL,	NULL),
(687,	'Isaac Espinoza Verdugo Jr.',	'manuela03@deaguiar.net',	66,	NULL,	NULL),
(688,	'Luciano Jerônimo Serrano',	'francisco.mascarenhas@martines.com.br',	86,	NULL,	NULL),
(689,	'Carolina Agustina Matos Sobrinho',	'henrique.abreu@yahoo.com',	33,	NULL,	NULL),
(690,	'Cristóvão Maia Delvalle Neto',	'madalena.dominato@leal.com.br',	110,	NULL,	NULL),
(691,	'Sr. Hugo Matos Pedrosa',	'mpacheco@carmona.com.br',	38,	NULL,	NULL),
(692,	'Dr. Silvana Valência',	'demian48@rangel.com',	97,	NULL,	NULL),
(693,	'Srta. Irene Mia Cruz',	'alonso.franco@gmail.com',	20,	NULL,	NULL),
(694,	'Rafaela Torres Fernandes Filho',	'faranda@ig.com.br',	92,	NULL,	NULL),
(695,	'Sr. Daniel da Rosa',	'christopher88@terra.com.br',	57,	NULL,	NULL),
(696,	'Sr. Eduardo Vieira Rivera',	'iserra@deaguiar.net',	90,	NULL,	NULL),
(697,	'Dr. Tomás Carmona',	'pena.mel@pena.br',	117,	NULL,	NULL),
(698,	'Dr. Christian Galvão Vieira',	'deaguiar.paula@maia.br',	67,	NULL,	NULL),
(699,	'Sr. Giovane Diego Mendes',	'uesteves@santacruz.com',	25,	NULL,	NULL),
(700,	'Thiago Gabriel Faro',	'luciano16@gmail.com',	101,	NULL,	NULL),
(701,	'Ariana Soto',	'csaraiva@zamana.com',	23,	NULL,	NULL),
(702,	'Sra. Sophie Galvão',	'alma12@fidalgo.com.br',	89,	NULL,	NULL),
(703,	'Paula Prado Filho',	'amelia.rodrigues@rico.org',	83,	NULL,	NULL),
(704,	'Sra. Natália Galhardo Zaragoça',	'rafael86@gmail.com',	99,	NULL,	NULL),
(705,	'Fátima Renata Espinoza Jr.',	'carolina97@uol.com.br',	69,	NULL,	NULL),
(706,	'Luciana Pena',	'rquintana@ig.com.br',	25,	NULL,	NULL),
(707,	'Dr. Pablo Serna',	'fmarques@mascarenhas.br',	21,	NULL,	NULL),
(708,	'Sr. Valentin das Dores Santacruz',	'aferreira@balestero.com.br',	115,	NULL,	NULL),
(709,	'Sra. Natália Manuela Matos',	'paulina71@hotmail.com',	52,	NULL,	NULL),
(710,	'Sr. Lucas Toledo Ortega',	'pamela65@uol.com.br',	41,	NULL,	NULL),
(711,	'Elias Sales',	'cfonseca@santiago.net.br',	67,	NULL,	NULL),
(712,	'Dr. Paula Renata da Rosa',	'madeira.giovane@r7.com',	100,	NULL,	NULL),
(713,	'Irene Júlia Faro Neto',	'fontes.julia@matias.com.br',	45,	NULL,	NULL),
(714,	'Sr. Sebastião Perez',	'jsoto@sandoval.org',	71,	NULL,	NULL),
(715,	'Dr. Paulo Perez Jr.',	'franco.josue@soares.com.br',	58,	NULL,	NULL),
(716,	'Constância Soto Delgado Jr.',	'lmendes@ramos.net',	42,	NULL,	NULL),
(717,	'Camila Zambrano Sobrinho',	'rivera.isabel@ig.com.br',	17,	NULL,	NULL),
(718,	'Sr. Adriano Zamana Lira',	'maximo84@terra.com.br',	62,	NULL,	NULL),
(719,	'Dr. Felipe Caldeira Filho',	'emiliano.zamana@uol.com.br',	106,	NULL,	NULL),
(720,	'Isabella Ferreira Jr.',	'amanda32@r7.com',	94,	NULL,	NULL),
(721,	'Ziraldo Rezende Rivera Jr.',	'juliana.cortes@hotmail.com',	53,	NULL,	NULL),
(722,	'Srta. Luara Santana Sobrinho',	'tamoio.ian@ig.com.br',	91,	NULL,	NULL),
(723,	'Dr. Emílio Leal Rangel Filho',	'fonseca.andrea@yahoo.com',	59,	NULL,	NULL),
(724,	'Maximiano Galvão Jr.',	'tais97@hotmail.com',	27,	NULL,	NULL),
(725,	'Sra. Adriana Rosa Romero Sobrinho',	'elias.assuncao@esteves.com',	41,	NULL,	NULL),
(726,	'Sr. Ian Franco Barreto Sobrinho',	'bdelatorre@santana.com',	93,	NULL,	NULL),
(727,	'Sr. Estêvão Meireles Jr.',	'maximiano.matos@fidalgo.br',	120,	NULL,	NULL),
(728,	'Gustavo Toledo Colaço Filho',	'fernando72@roque.net.br',	57,	NULL,	NULL),
(729,	'Dr. Alexa Colaço',	'gcampos@yahoo.com',	24,	NULL,	NULL),
(730,	'Rafaela Sofia Valdez',	'pabreu@neves.com',	29,	NULL,	NULL),
(731,	'Srta. Luciana Santana Soto',	'hugo.bonilha@hotmail.com',	27,	NULL,	NULL),
(732,	'Paulina Escobar Aranda',	'fabiana.balestero@santana.com',	19,	NULL,	NULL),
(733,	'Dr. Jácomo Pablo Matias Neto',	'lovato.simao@leal.com.br',	29,	NULL,	NULL),
(734,	'Dr. Paulina Chaves',	'isadora.cruz@mascarenhas.com',	33,	NULL,	NULL),
(735,	'Dr. Maitê Serrano Barreto Jr.',	'ana.neves@yahoo.com',	119,	NULL,	NULL),
(736,	'Noel Pena Pedrosa Neto',	'flores.ashley@fontes.br',	57,	NULL,	NULL),
(737,	'Christian Carlos Pedrosa Neto',	'ecasanova@vale.net',	23,	NULL,	NULL),
(738,	'Srta. Norma Estrada Casanova Sobrinho',	'matias57@gmail.com',	68,	NULL,	NULL),
(739,	'Miranda Benites Galindo Filho',	'ana69@ortiz.com',	39,	NULL,	NULL),
(740,	'Dr. David Medina Bittencourt Neto',	'ylozano@galvao.com',	50,	NULL,	NULL),
(741,	'Srta. Samanta Salazar',	'fernando34@zambrano.com.br',	37,	NULL,	NULL),
(742,	'Dr. Pâmela Cortês',	'estevao02@grego.com',	92,	NULL,	NULL),
(743,	'Luis Martines Sobrinho',	'soto.hugo@davila.com.br',	76,	NULL,	NULL),
(744,	'Dr. Paulina Zambrano',	'brito.horacio@fontes.net',	79,	NULL,	NULL),
(745,	'Sr. Andres Alonso Rivera',	'salome.verdugo@barros.com.br',	34,	NULL,	NULL),
(746,	'Sra. Sofia Sofia Oliveira',	'giovana00@saraiva.net',	61,	NULL,	NULL),
(747,	'Emanuel Josué Fonseca',	'sergio46@rosa.com.br',	42,	NULL,	NULL),
(748,	'Taís Paulina Roque Neto',	'matias.valentin@yahoo.com',	57,	NULL,	NULL),
(749,	'Hernani Padilha Urias Sobrinho',	'beatriz31@padrao.org',	37,	NULL,	NULL),
(750,	'Ariana Valentin Jr.',	'fatima.correia@yahoo.com',	46,	NULL,	NULL),
(751,	'Emanuel Pereira',	'marques.ketlin@r7.com',	38,	NULL,	NULL),
(752,	'Srta. Mariana Pontes',	'vneves@oliveira.com.br',	117,	NULL,	NULL),
(753,	'Emanuel Colaço Faro Neto',	'vila.violeta@uol.com.br',	74,	NULL,	NULL),
(754,	'Andrea Salomé Saraiva Neto',	'imendes@leal.org',	43,	NULL,	NULL),
(755,	'Dr. Alan Meireles Delvalle Neto',	'daniel61@terra.com.br',	56,	NULL,	NULL),
(756,	'Salomé Galhardo Filho',	'rvega@yahoo.com',	19,	NULL,	NULL),
(757,	'João Saraiva Chaves Filho',	'wlutero@r7.com',	106,	NULL,	NULL),
(758,	'Srta. Julieta Luana Urias Filho',	'francisco.molina@santana.com.br',	35,	NULL,	NULL),
(759,	'Nádia Rangel Rosa Sobrinho',	'jbatista@hotmail.com',	106,	NULL,	NULL),
(760,	'Nicole Caldeira Chaves',	'lvelasques@rivera.com',	86,	NULL,	NULL),
(761,	'Srta. Clara Grego Jr.',	'wdasilva@uol.com.br',	85,	NULL,	NULL),
(762,	'Sra. Nádia Agustina Guerra Filho',	'feliciano.samuel@garcia.net.br',	62,	NULL,	NULL),
(763,	'Olívia Balestero Queirós',	'samuel94@terra.com.br',	35,	NULL,	NULL),
(764,	'Dr. Luciano Delvalle Pena Neto',	'elias89@toledo.br',	114,	NULL,	NULL),
(765,	'Srta. Micaela Mia Fontes Filho',	'yzaragoca@uol.com.br',	85,	NULL,	NULL),
(766,	'Dr. Valentin Mendes Jr.',	'ioliveira@hotmail.com',	96,	NULL,	NULL),
(767,	'Leandro Barros Jr.',	'camilo.vale@uol.com.br',	114,	NULL,	NULL),
(768,	'Dr. Sara Juliana Sepúlveda Jr.',	'pvila@terra.com.br',	30,	NULL,	NULL),
(769,	'Isadora Domingues Jr.',	'regina29@santana.com',	101,	NULL,	NULL),
(770,	'Srta. Ariana Toledo Pacheco Sobrinho',	'paula.escobar@santana.net',	76,	NULL,	NULL),
(771,	'Dr. Antônio Rodrigo Branco',	'eduardo35@padrao.com.br',	112,	NULL,	NULL),
(772,	'Samuel Leandro Madeira Neto',	'luzia.jimenes@gomes.com.br',	34,	NULL,	NULL),
(773,	'Sr. Giovane Eduardo Sanches',	'davila.joaquin@yahoo.com',	92,	NULL,	NULL),
(774,	'Dante Neves Torres Sobrinho',	'hpadilha@dacruz.com',	68,	NULL,	NULL),
(775,	'Sra. Isadora Pena',	'vpacheco@terra.com.br',	32,	NULL,	NULL),
(776,	'Andrea Galhardo Montenegro Neto',	'omarin@uol.com.br',	51,	NULL,	NULL),
(777,	'Rodrigo Andres Ferminiano',	'kvelasques@uol.com.br',	23,	NULL,	NULL),
(778,	'Dr. Andres Simão Roque',	'rfeliciano@ramires.com.br',	45,	NULL,	NULL),
(779,	'Josefina Godói',	'psepulveda@queiros.br',	81,	NULL,	NULL),
(780,	'Sr. Matias Matias Barros',	'vfonseca@hotmail.com',	77,	NULL,	NULL),
(781,	'Dr. Alonso Dias',	'xdasdores@padrao.com.br',	73,	NULL,	NULL),
(782,	'José Faro Neto',	'simon06@r7.com',	117,	NULL,	NULL),
(783,	'Srta. Violeta Quintana',	'sabrina.martines@brito.com',	105,	NULL,	NULL),
(784,	'Dr. Paula Carolina Prado Neto',	'rcarrara@vasques.com.br',	21,	NULL,	NULL),
(785,	'Leandro Pacheco',	'alexa24@rosa.com',	61,	NULL,	NULL),
(786,	'Srta. Isadora Aragão Saraiva Sobrinho',	'vromero@cruz.net',	83,	NULL,	NULL),
(787,	'Sr. Simon Brito',	'bserna@terra.com.br',	113,	NULL,	NULL),
(788,	'Daniel Serra Fernandes Jr.',	'jgalvao@uol.com.br',	79,	NULL,	NULL),
(789,	'Maitê Medina Filho',	'zaragoca.jorge@rosa.br',	32,	NULL,	NULL),
(790,	'Dr. Fábio Andres Montenegro',	'christian51@cervantes.com',	31,	NULL,	NULL),
(791,	'Dr. Thiago Colaço D\'ávila Jr.',	'silvana94@pena.com',	45,	NULL,	NULL),
(792,	'Sra. Ariadna Regina Cordeiro Sobrinho',	'ybalestero@rezende.com.br',	78,	NULL,	NULL),
(793,	'Silvana Barros',	'flores.gustavo@galvao.br',	28,	NULL,	NULL),
(794,	'Gabriel Furtado Neto',	'casanova.mel@ortega.com',	120,	NULL,	NULL),
(795,	'Gustavo Gonçalves Cruz Filho',	'regina90@hotmail.com',	53,	NULL,	NULL),
(796,	'Simão Simão Queirós Neto',	'vpontes@gmail.com',	53,	NULL,	NULL),
(797,	'Suzana Martines Barreto',	'perez.fabiana@gmail.com',	18,	NULL,	NULL),
(798,	'Alessandra Rosa Neto',	'mateus.gomes@ig.com.br',	62,	NULL,	NULL),
(799,	'Ketlin da Cruz Santiago',	'jcarrara@uol.com.br',	45,	NULL,	NULL),
(800,	'Vicente Beltrão Marques Sobrinho',	'luzia.chaves@terra.com.br',	53,	NULL,	NULL),
(801,	'Catarina Ortiz Neto',	'henrique.faro@saraiva.org',	20,	NULL,	NULL),
(802,	'Ian da Rosa Filho',	'omarques@hotmail.com',	66,	NULL,	NULL),
(803,	'Dr. Guilherme Diego Padrão Sobrinho',	'aragao.andres@valdez.com',	111,	NULL,	NULL),
(804,	'Andres Serra Filho',	'mmatias@soto.com',	39,	NULL,	NULL),
(805,	'Sr. David Salas Filho',	'teobaldo57@hotmail.com',	32,	NULL,	NULL),
(806,	'Josefina Rivera Brito',	'luzia.toledo@terra.com.br',	77,	NULL,	NULL),
(807,	'Dr. Ashley Valência Urias',	'kserna@ig.com.br',	118,	NULL,	NULL),
(808,	'Sr. Jorge Bruno Pena',	'zvieira@matos.com',	49,	NULL,	NULL),
(809,	'Sr. Estêvão Madeira Cervantes Filho',	'regina30@ig.com.br',	81,	NULL,	NULL),
(810,	'Emílio Marin Filho',	'rico.josefina@hotmail.com',	98,	NULL,	NULL),
(811,	'Dr. Andres Agostinho Delatorre',	'fidalgo.hugo@leal.com',	51,	NULL,	NULL),
(812,	'Dr. Ashley Cervantes Quintana Jr.',	'ferraz.josefina@lozano.com',	72,	NULL,	NULL),
(813,	'Sofia Amélia Burgos',	'andrea.marques@ig.com.br',	116,	NULL,	NULL),
(814,	'Ian Camacho Cortês',	'david50@lira.com.br',	44,	NULL,	NULL),
(815,	'Sr. Ricardo Felipe Fonseca',	'rodrigo.serra@desouza.com',	82,	NULL,	NULL),
(816,	'Dr. Luzia Carolina Meireles Jr.',	'bbittencourt@terra.com.br',	115,	NULL,	NULL),
(817,	'Simão da Cruz Jr.',	'clara47@yahoo.com',	56,	NULL,	NULL),
(818,	'Sra. Allison Bianca da Silva',	'jdelatorre@dias.com.br',	58,	NULL,	NULL),
(819,	'Josefina Ariadna Feliciano Neto',	'dante32@serra.net.br',	17,	NULL,	NULL),
(820,	'Josué Beltrão Reis',	'upena@terra.com.br',	102,	NULL,	NULL),
(821,	'Dr. Pâmela Mendes Galhardo',	'noeli.carmona@pena.com',	55,	NULL,	NULL),
(822,	'Dr. Alma Guerra',	'vpaz@uol.com.br',	78,	NULL,	NULL),
(823,	'Sr. Antônio Lozano Filho',	'soares.guilherme@yahoo.com',	28,	NULL,	NULL),
(824,	'Clara Melissa Rezende Filho',	'nvalencia@duarte.net',	80,	NULL,	NULL),
(825,	'Sr. Luciano Godói Cervantes',	'violeta.serra@galhardo.com.br',	40,	NULL,	NULL),
(826,	'Dr. Alexandre Delgado Filho',	'ana.reis@padrao.net.br',	24,	NULL,	NULL),
(827,	'Pablo Diego Casanova Jr.',	'fdeoliveira@padilha.com.br',	60,	NULL,	NULL),
(828,	'Dr. Joaquin Emiliano Galhardo',	'qvalencia@rangel.br',	39,	NULL,	NULL),
(829,	'Camila Correia',	'isadora.garcia@pacheco.br',	20,	NULL,	NULL),
(830,	'Agustina Quintana Rezende Filho',	'henrique33@gmail.com',	85,	NULL,	NULL),
(831,	'Sra. Sophie Franco Maldonado Jr.',	'leon.manuela@yahoo.com',	76,	NULL,	NULL),
(832,	'Dr. Jerônimo Ivan Sandoval Filho',	'benites.leandro@r7.com',	40,	NULL,	NULL),
(833,	'Dr. Carla Leon',	'cordeiro.giovane@verdara.com.br',	98,	NULL,	NULL),
(834,	'Silvana Roque',	'ramires.matias@ig.com.br',	101,	NULL,	NULL),
(835,	'Hugo Martinho Quintana Neto',	'mia56@meireles.com.br',	120,	NULL,	NULL),
(836,	'Dr. Mel Valentin',	'pedro23@verdara.br',	50,	NULL,	NULL),
(837,	'Sr. Martinho Inácio Soto Sobrinho',	'alonso.cortes@hotmail.com',	41,	NULL,	NULL),
(838,	'Dr. Ian Salas',	'pgusmao@r7.com',	60,	NULL,	NULL),
(839,	'Allison de Aguiar Vila',	'gmaia@dasneves.net',	23,	NULL,	NULL),
(840,	'Felipe Thales Aguiar',	'tdelatorre@meireles.com',	103,	NULL,	NULL),
(841,	'Sr. Natal Mendes',	'xburgos@gmail.com',	25,	NULL,	NULL),
(842,	'Christian Batista Sobrinho',	'oliveira.juliana@ig.com.br',	75,	NULL,	NULL),
(843,	'Sr. Guilherme Soto Reis',	'quintana.felipe@r7.com',	70,	NULL,	NULL),
(844,	'Camilo Espinoza',	'idelvalle@cordeiro.com',	35,	NULL,	NULL),
(845,	'Sra. Josefina Gabriela Esteves',	'verdugo.alexa@balestero.net.br',	51,	NULL,	NULL),
(846,	'Renata Assunção Filho',	'ortega.ziraldo@r7.com',	102,	NULL,	NULL),
(847,	'Sra. Pâmela Burgos Jr.',	'renata18@gmail.com',	51,	NULL,	NULL),
(848,	'Sr. Vicente Garcia da Rosa',	'jasmin.delvalle@ig.com.br',	38,	NULL,	NULL),
(849,	'Alonso Aranda',	'assuncao.matias@pontes.net.br',	26,	NULL,	NULL),
(850,	'Dr. Maximiano Fonseca Flores',	'joana.neves@chaves.br',	96,	NULL,	NULL),
(851,	'Sra. Ashley Manuela Aguiar Filho',	'toledo.ricardo@vasques.net.br',	64,	NULL,	NULL),
(852,	'Luciano Perez Fonseca',	'beltrao.alan@pena.br',	40,	NULL,	NULL),
(853,	'Dr. Luara Ariana Vasques',	'ariana81@yahoo.com',	86,	NULL,	NULL),
(854,	'Sr. Henrique Aguiar Sobrinho',	'ejimenes@medina.com',	30,	NULL,	NULL),
(855,	'Isabella Serrano',	'cortes.guilherme@vale.br',	90,	NULL,	NULL),
(856,	'Sr. Gian Noel Escobar',	'benjamin.soares@solano.org',	45,	NULL,	NULL),
(857,	'Srta. Isabella Nádia Marinho Filho',	'ycamacho@terra.com.br',	25,	NULL,	NULL),
(858,	'Dr. Dante Montenegro',	'bittencourt.aaron@lutero.com.br',	110,	NULL,	NULL),
(859,	'Natália Correia Chaves Sobrinho',	'violeta.dasdores@prado.net.br',	28,	NULL,	NULL),
(860,	'Fábio Serna',	'tamoio.gabriel@hotmail.com',	58,	NULL,	NULL),
(861,	'Valentin Manuel Oliveira Jr.',	'alonso.leon@r7.com',	36,	NULL,	NULL),
(862,	'Thales de Souza',	'catarina90@uol.com.br',	50,	NULL,	NULL),
(863,	'Dr. Miguel Christopher Soto Neto',	'assuncao.silvana@ortiz.com',	116,	NULL,	NULL),
(864,	'Irene Marin Beltrão',	'hugo.rico@marin.org',	105,	NULL,	NULL),
(865,	'Francisco Rosa Filho',	'samanta94@yahoo.com',	116,	NULL,	NULL),
(866,	'Srta. Melissa Tessália Fonseca Filho',	'agustina54@ig.com.br',	56,	NULL,	NULL),
(867,	'Dr. Malena Sophie Jimenes Jr.',	'msepulveda@jimenes.net.br',	28,	NULL,	NULL),
(868,	'Srta. Agustina Paz Pereira Neto',	'alexa65@uol.com.br',	31,	NULL,	NULL),
(869,	'João Cristóvão Galvão',	'ortiz.samuel@aragao.org',	36,	NULL,	NULL),
(870,	'Dr. Salomé Burgos Jr.',	'ssaraiva@uol.com.br',	100,	NULL,	NULL),
(871,	'Sr. Emanuel Verdara',	'gfaria@queiros.com',	99,	NULL,	NULL),
(872,	'Camila Salomé Soares Sobrinho',	'ovale@ig.com.br',	102,	NULL,	NULL),
(873,	'Dr. Ana Antonieta Ortiz',	'ksalas@serra.com.br',	47,	NULL,	NULL),
(874,	'Hortência Rivera',	'odasneves@dominato.com.br',	84,	NULL,	NULL),
(875,	'Sra. Helena Soto Domingues',	'clara.dasneves@toledo.org',	98,	NULL,	NULL),
(876,	'Pâmela Manuela Fontes',	'renata.dacruz@branco.net.br',	116,	NULL,	NULL),
(877,	'Sra. Abgail Quintana Padrão',	'cristovao65@terra.com.br',	94,	NULL,	NULL),
(878,	'Mia Alexa Vila',	'verdugo.miguel@yahoo.com',	31,	NULL,	NULL),
(879,	'Sophie Valdez Sandoval',	'adriano.saraiva@fonseca.net.br',	100,	NULL,	NULL),
(880,	'Fernando Carrara Valdez',	'jacomo18@sanches.net.br',	116,	NULL,	NULL),
(881,	'Dr. Inácio Ian Lovato',	'mduarte@yahoo.com',	36,	NULL,	NULL),
(882,	'Hernani Ferminiano Fernandes',	'haragao@martines.com',	54,	NULL,	NULL),
(883,	'Sra. Miranda Helena Feliciano Jr.',	'wmaia@aranda.net.br',	97,	NULL,	NULL),
(884,	'Sr. Natal Aranda Sobrinho',	'andres52@soares.com',	101,	NULL,	NULL),
(885,	'Sra. Irene Montenegro Colaço Jr.',	'miranda.maia@ramos.net',	40,	NULL,	NULL),
(886,	'Bianca Ramires Salas Filho',	'paz.noel@gmail.com',	67,	NULL,	NULL),
(887,	'Sr. Manuel Vila Roque Jr.',	'santana.alexandre@fonseca.com',	29,	NULL,	NULL),
(888,	'Dr. Carolina Casanova Sepúlveda Neto',	'fespinoza@terra.com.br',	90,	NULL,	NULL),
(889,	'Sr. Benjamin Medina',	'lira.vicente@hotmail.com',	78,	NULL,	NULL),
(890,	'Ivan Ziraldo Jimenes Sobrinho',	'ketlin.mendes@terra.com.br',	105,	NULL,	NULL),
(891,	'Srta. Ariadna Colaço Jimenes',	'luara.serna@hotmail.com',	24,	NULL,	NULL),
(892,	'Sra. Paula Cortês Cortês Filho',	'paula05@delatorre.com.br',	82,	NULL,	NULL),
(893,	'Hortência Faro Sobrinho',	'lucas90@rivera.com.br',	87,	NULL,	NULL),
(894,	'Dr. Catarina Ashley Marin',	'antonio28@gmail.com',	38,	NULL,	NULL),
(895,	'Sr. Agostinho Everton Galindo Sobrinho',	'benjamin06@velasques.net',	29,	NULL,	NULL),
(896,	'Srta. Luzia Flores das Dores',	'verdara.noel@uol.com.br',	26,	NULL,	NULL),
(897,	'Dr. Emanuel Galvão Sobrinho',	'fabio29@serna.org',	66,	NULL,	NULL),
(898,	'Sr. Ricardo Roque Beltrão Filho',	'rosa.luciana@terra.com.br',	45,	NULL,	NULL),
(899,	'Beatriz Reis Escobar',	'clara.dasdores@cortes.net',	64,	NULL,	NULL),
(900,	'Luciano Christopher Velasques',	'padrao.gian@terra.com.br',	70,	NULL,	NULL),
(901,	'Josefina Reis',	'marin.amanda@bezerra.com.br',	79,	NULL,	NULL),
(902,	'Franco Paz',	'vicente.serrano@yahoo.com',	95,	NULL,	NULL),
(903,	'Simão Zaragoça Benites Sobrinho',	'meireles.isaac@aranda.com',	39,	NULL,	NULL),
(904,	'Srta. Nádia Silvana Marés',	'aguiar.laura@reis.com',	101,	NULL,	NULL),
(905,	'Sr. Henrique Santana',	'rosa.simon@sales.com.br',	119,	NULL,	NULL),
(906,	'Sra. Mia Padilha',	'thiago.gusmao@terra.com.br',	70,	NULL,	NULL),
(907,	'Sr. David Sérgio Tamoio',	'mia94@aranda.com',	102,	NULL,	NULL),
(908,	'Dr. Sara Maitê Azevedo',	'gabreu@romero.net.br',	66,	NULL,	NULL),
(909,	'Samanta Alma Faro',	'violeta.queiros@mares.net.br',	116,	NULL,	NULL),
(910,	'Sra. Jasmin Nicole Sales Filho',	'ssolano@ig.com.br',	117,	NULL,	NULL),
(911,	'Sr. Ian Queirós Furtado Neto',	'horacio32@hotmail.com',	55,	NULL,	NULL),
(912,	'Carolina Isabel Sanches',	'fsalazar@ig.com.br',	72,	NULL,	NULL),
(913,	'Sra. Joana Zaragoça Sepúlveda',	'tamoio.juliana@delgado.com.br',	44,	NULL,	NULL),
(914,	'Christian Guilherme Corona',	'manuela52@r7.com',	73,	NULL,	NULL),
(915,	'Dr. Felipe Saraiva',	'luna62@hotmail.com',	93,	NULL,	NULL),
(916,	'Ivan da Cruz Valentin',	'goncalves.horacio@barros.com',	25,	NULL,	NULL),
(917,	'Alan Marés',	'violeta.marin@faro.net',	81,	NULL,	NULL),
(918,	'Sr. Rafael Franco Ortega',	'ferreira.valeria@espinoza.com',	64,	NULL,	NULL),
(919,	'Sérgio Rangel Ávila',	'psalazar@r7.com',	58,	NULL,	NULL),
(920,	'Dr. Norma Sanches',	'julia.romero@pereira.org',	51,	NULL,	NULL),
(921,	'Teobaldo Noel Matos Filho',	'rebeca.madeira@uol.com.br',	18,	NULL,	NULL),
(922,	'Mateus Lutero Neto',	'galvao.paulo@gmail.com',	41,	NULL,	NULL),
(923,	'Allison D\'ávila Meireles',	'felipe04@ferreira.br',	16,	NULL,	NULL),
(924,	'Vitória Tessália da Rosa',	'galindo.thales@valencia.com.br',	22,	NULL,	NULL),
(925,	'Inácio Serra das Dores Sobrinho',	'rverdara@lozano.com.br',	99,	NULL,	NULL),
(926,	'Everton Abreu Sobrinho',	'dflores@roque.com.br',	37,	NULL,	NULL),
(927,	'Dr. José Ramos Molina',	'noeli16@pontes.org',	70,	NULL,	NULL),
(928,	'Pedro Mário Ferreira',	'henrique.rangel@dasdores.net.br',	46,	NULL,	NULL),
(929,	'Jasmin Cervantes Serra',	'miguel89@terra.com.br',	16,	NULL,	NULL),
(930,	'Horácio Sebastião Salazar Jr.',	'ibranco@terra.com.br',	69,	NULL,	NULL),
(931,	'João Pacheco Molina Jr.',	'samanta04@grego.net.br',	67,	NULL,	NULL),
(932,	'Hugo Bezerra Campos Filho',	'camilo.fonseca@uol.com.br',	44,	NULL,	NULL),
(933,	'Fabiana Ivana Branco Jr.',	'emilio.godoi@ig.com.br',	95,	NULL,	NULL),
(934,	'Sr. Noel Valentin Martines Jr.',	'daniel.leal@uol.com.br',	67,	NULL,	NULL),
(935,	'José Espinoza',	'abril.sanches@valdez.com.br',	36,	NULL,	NULL),
(936,	'Norma Helena Maia Neto',	'ofidalgo@hotmail.com',	17,	NULL,	NULL),
(937,	'Abgail Balestero Lutero',	'assuncao.jose@yahoo.com',	49,	NULL,	NULL),
(938,	'Sra. Sophie Bonilha Ramires Neto',	'urias.julieta@garcia.net.br',	26,	NULL,	NULL),
(939,	'Srta. Fabiana Júlia Aragão',	'miranda.vega@guerra.br',	56,	NULL,	NULL),
(940,	'Sr. Samuel Valdez Filho',	'horacio33@ferminiano.com',	107,	NULL,	NULL),
(941,	'Srta. Giovana Miranda Azevedo Neto',	'icamacho@r7.com',	71,	NULL,	NULL),
(942,	'Dr. Giovana Torres Jr.',	'casanova.tomas@aguiar.com.br',	38,	NULL,	NULL),
(943,	'Dr. Hortência Domingues Zamana',	'sanches.beatriz@terra.com.br',	120,	NULL,	NULL),
(944,	'Simon Ricardo Garcia Jr.',	'ncorreia@hotmail.com',	69,	NULL,	NULL),
(945,	'Vicente Faria Assunção',	'obonilha@ig.com.br',	21,	NULL,	NULL),
(946,	'João Rios Sobrinho',	'hzambrano@pena.net.br',	109,	NULL,	NULL),
(947,	'Ketlin Bezerra',	'ashley.lutero@delatorre.com.br',	105,	NULL,	NULL),
(948,	'Maximiano Tamoio',	'gustavo80@terra.com.br',	39,	NULL,	NULL),
(949,	'Josué Cordeiro',	'bruno.dasilva@ig.com.br',	29,	NULL,	NULL),
(950,	'Michele Carrara',	'barreto.joao@uol.com.br',	87,	NULL,	NULL),
(951,	'Vicente Caldeira',	'pamela49@gmail.com',	88,	NULL,	NULL),
(952,	'Sra. Jasmin Pedrosa Salgado Sobrinho',	'maite.burgos@gmail.com',	55,	NULL,	NULL),
(953,	'Josefina Malena Burgos Neto',	'mariana80@uol.com.br',	69,	NULL,	NULL),
(954,	'Kevin Azevedo Filho',	'alonso.ortiz@solano.com',	93,	NULL,	NULL),
(955,	'Juliana Perez Ramos',	'ian20@terra.com.br',	101,	NULL,	NULL),
(956,	'Carla Julieta Barreto',	'cristovao.fidalgo@yahoo.com',	30,	NULL,	NULL),
(957,	'Fabiana Perez Jimenes',	'sofia11@dasilva.com.br',	53,	NULL,	NULL),
(958,	'Dr. Ricardo João Serra Neto',	'escobar.valentina@terra.com.br',	115,	NULL,	NULL),
(959,	'Regina Galvão',	'martinho.azevedo@valentin.net',	48,	NULL,	NULL),
(960,	'Eduardo Lozano Balestero',	'carla95@barros.com.br',	68,	NULL,	NULL),
(961,	'Srta. Manuela Gabriela Godói Jr.',	'pereira.luciana@delvalle.net.br',	39,	NULL,	NULL),
(962,	'Emília Serrano Sobrinho',	'fatima70@terra.com.br',	34,	NULL,	NULL),
(963,	'Mia D\'ávila Oliveira Jr.',	'mario.barreto@r7.com',	38,	NULL,	NULL),
(964,	'Sra. Adriana Allison Camacho',	'henrique.mares@delvalle.com',	70,	NULL,	NULL),
(965,	'Thalissa Perez',	'sebastiao.batista@yahoo.com',	82,	NULL,	NULL),
(966,	'Dr. Joaquin Delatorre Marques Neto',	'catarina.vasques@abreu.com',	26,	NULL,	NULL),
(967,	'Sr. Estêvão David Rezende Jr.',	'ksoto@bonilha.com.br',	101,	NULL,	NULL),
(968,	'Martinho Perez Casanova Neto',	'fonseca.ivan@hotmail.com',	20,	NULL,	NULL),
(969,	'Gustavo Vega Delatorre Jr.',	'sepulveda.allison@ortega.com',	47,	NULL,	NULL),
(970,	'Aaron Serrano Perez Neto',	'fatima26@yahoo.com',	76,	NULL,	NULL),
(971,	'Srta. Alessandra Lira Zamana Jr.',	'michele.aguiar@dacruz.com',	64,	NULL,	NULL),
(972,	'Dr. Paulo Bruno Galvão Filho',	'oesteves@yahoo.com',	86,	NULL,	NULL),
(973,	'Dr. Ricardo Christian Soto',	'sanches.pamela@yahoo.com',	68,	NULL,	NULL),
(974,	'Sr. Valentin Serrano',	'valeria76@yahoo.com',	53,	NULL,	NULL),
(975,	'Luara Violeta Cortês',	'simao.valdez@benites.com',	52,	NULL,	NULL),
(976,	'Srta. Carolina Agustina Zambrano Jr.',	'meireles.luara@yahoo.com',	28,	NULL,	NULL),
(977,	'Sra. Irene Hortência Ferraz',	'ferreira.christopher@terra.com.br',	38,	NULL,	NULL),
(978,	'Luis Manuel Azevedo Sobrinho',	'uchoa.simon@santacruz.com.br',	20,	NULL,	NULL),
(979,	'Sr. Emílio Giovane Lozano Jr.',	'joaquin54@tamoio.com',	17,	NULL,	NULL),
(980,	'Alan Ziraldo Delatorre Neto',	'luciana.dasneves@marques.com',	86,	NULL,	NULL),
(981,	'Leonardo Toledo Fontes',	'sdesouza@gmail.com',	116,	NULL,	NULL),
(982,	'Sr. Ricardo Miguel Mendonça Filho',	'ivan.queiros@hotmail.com',	61,	NULL,	NULL),
(983,	'Srta. Giovana Catarina Martines Filho',	'natalia.bittencourt@hotmail.com',	97,	NULL,	NULL),
(984,	'David Bruno Galindo Neto',	'hbatista@rivera.net',	119,	NULL,	NULL),
(985,	'Sra. Andrea Zambrano Torres Filho',	'yverdugo@gmail.com',	55,	NULL,	NULL),
(986,	'Henrique Carmona Filho',	'helena.flores@terra.com.br',	82,	NULL,	NULL),
(987,	'Dr. Luzia Agustina Velasques Filho',	'fernandes.rafaela@franco.com.br',	77,	NULL,	NULL),
(988,	'Sr. Paulo Velasques',	'ferreira.rebeca@prado.com.br',	55,	NULL,	NULL),
(989,	'Dr. Santiago Sales Sanches',	'camila93@aranda.com.br',	26,	NULL,	NULL),
(990,	'Dr. Ornela Antonieta de Souza',	'isadora.padrao@soares.net',	57,	NULL,	NULL),
(991,	'Gabriela Paulina Salgado Neto',	'lsandoval@hotmail.com',	102,	NULL,	NULL),
(992,	'Sr. Vicente Reis Balestero',	'wmaldonado@cortes.org',	99,	NULL,	NULL),
(993,	'Srta. Juliana Ferreira Duarte Filho',	'miranda68@uol.com.br',	19,	NULL,	NULL),
(994,	'Mia Alma Delgado',	'camacho.isabel@marques.com.br',	55,	NULL,	NULL),
(995,	'Srta. Jasmin D\'ávila Ferraz',	'burgos.ian@terra.com.br',	115,	NULL,	NULL),
(996,	'Dr. Emiliano Guilherme Tamoio Filho',	'apontes@ig.com.br',	69,	NULL,	NULL),
(997,	'Srta. Rafaela da Rosa Ávila',	'assuncao.demian@quintana.com.br',	91,	NULL,	NULL),
(998,	'Michele de Oliveira',	'medina.valeria@verdugo.org',	96,	NULL,	NULL),
(999,	'Constância Garcia Filho',	'laura00@valencia.org',	40,	NULL,	NULL),
(1000,	'Dr. Renata Chaves Beltrão Filho',	'christopher.rivera@r7.com',	42,	NULL,	NULL),
(1002,	'João Brito',	'joao@joao.com',	25,	1586615844,	1586615844);

DROP TABLE IF EXISTS `migration`;
CREATE TABLE `migration` (
  `type` varchar(25) NOT NULL,
  `name` varchar(50) NOT NULL,
  `migration` varchar(100) NOT NULL DEFAULT ''
) ENGINE=InnoDB DEFAULT CHARSET=utf8;

INSERT INTO `migration` (`type`, `name`, `migration`) VALUES
('app',	'default',	'001_create_clientes'),
('app',	'default',	'002_create_vendedors'),
('package',	'auth',	'001_auth_create_usertables'),
('package',	'auth',	'002_auth_create_grouptables'),
('package',	'auth',	'003_auth_create_roletables'),
('package',	'auth',	'004_auth_create_permissiontables'),
('package',	'auth',	'005_auth_create_authdefaults'),
('package',	'auth',	'006_auth_add_authactions'),
('package',	'auth',	'007_auth_add_permissionsfilter'),
('package',	'auth',	'008_auth_create_providers'),
('package',	'auth',	'009_auth_create_oauth2tables'),
('package',	'auth',	'010_auth_fix_jointables'),
('package',	'auth',	'011_auth_group_optional');

DROP TABLE IF EXISTS `users`;
CREATE TABLE `users` (
  `id` int(11) NOT NULL AUTO_INCREMENT,
  `username` varchar(50) NOT NULL,
  `password` varchar(255) NOT NULL,
  `group_id` int(11) DEFAULT NULL,
  `email` varchar(255) NOT NULL,
  `last_login` varchar(25) NOT NULL,
  `previous_login` varchar(25) NOT NULL DEFAULT '0',
  `login_hash` varchar(255) NOT NULL,
  `user_id` int(11) NOT NULL DEFAULT 0,
  `created_at` int(11) NOT NULL DEFAULT 0,
  `updated_at` int(11) NOT NULL DEFAULT 0,
  PRIMARY KEY (`id`),
  UNIQUE KEY `username` (`username`,`email`)
) ENGINE=InnoDB DEFAULT CHARSET=utf8;

INSERT INTO `users` (`id`, `username`, `password`, `group_id`, `email`, `last_login`, `previous_login`, `login_hash`, `user_id`, `created_at`, `updated_at`) VALUES
(0,	'guest',	'YOU CAN NOT USE THIS TO LOGIN',	2,	'',	'0',	'0',	'',	0,	1586596655,	0),
(1,	'admin',	'rV997tOL4oBm/LE9z6Glgxc7zBVWzWRsO0YY7hFO4lg=',	6,	'admin@example.org',	'1586596708',	'0',	'73c3849cfcd0adb27b90970d343296a4a6aada86',	1,	1586596655,	1586596708);

DROP TABLE IF EXISTS `users_clients`;
CREATE TABLE `users_clients` (
  `id` int(11) NOT NULL AUTO_INCREMENT,
  `name` varchar(32) NOT NULL DEFAULT '',
  `client_id` varchar(32) NOT NULL DEFAULT '',
  `client_secret` varchar(32) NOT NULL DEFAULT '',
  `redirect_uri` varchar(255) NOT NULL DEFAULT '',
  `auto_approve` tinyint(1) NOT NULL DEFAULT 0,
  `autonomous` tinyint(1) NOT NULL DEFAULT 0,
  `status` enum('development','pending','approved','rejected') NOT NULL DEFAULT 'development',
  `suspended` tinyint(1) NOT NULL DEFAULT 0,
  `notes` tinytext NOT NULL,
  PRIMARY KEY (`id`),
  UNIQUE KEY `client_id` (`client_id`)
) ENGINE=InnoDB DEFAULT CHARSET=utf8;


DROP TABLE IF EXISTS `users_groups`;
CREATE TABLE `users_groups` (
  `id` int(11) NOT NULL AUTO_INCREMENT,
  `name` varchar(255) NOT NULL,
  `user_id` int(11) NOT NULL DEFAULT 0,
  `created_at` int(11) NOT NULL DEFAULT 0,
  `updated_at` int(11) NOT NULL DEFAULT 0,
  PRIMARY KEY (`id`)
) ENGINE=InnoDB DEFAULT CHARSET=utf8;

INSERT INTO `users_groups` (`id`, `name`, `user_id`, `created_at`, `updated_at`) VALUES
(1,	'Banned',	0,	0,	0),
(2,	'Guests',	0,	0,	0),
(3,	'Users',	0,	0,	0),
(4,	'Moderators',	0,	0,	0),
(5,	'Administrators',	0,	0,	0),
(6,	'Super Admins',	0,	0,	0);

DROP TABLE IF EXISTS `users_group_permissions`;
CREATE TABLE `users_group_permissions` (
  `id` int(11) NOT NULL AUTO_INCREMENT,
  `group_id` int(11) NOT NULL,
  `perms_id` int(11) NOT NULL,
  `actions` text DEFAULT NULL,
  PRIMARY KEY (`id`)
) ENGINE=InnoDB DEFAULT CHARSET=utf8;


DROP TABLE IF EXISTS `users_group_roles`;
CREATE TABLE `users_group_roles` (
  `group_id` int(11) NOT NULL,
  `role_id` int(11) NOT NULL,
  PRIMARY KEY (`group_id`,`role_id`)
) ENGINE=InnoDB DEFAULT CHARSET=utf8;

INSERT INTO `users_group_roles` (`group_id`, `role_id`) VALUES
(1,	1),
(2,	2),
(3,	3),
(4,	3),
(4,	4),
(5,	3),
(5,	4),
(5,	5),
(6,	6);

DROP TABLE IF EXISTS `users_metadata`;
CREATE TABLE `users_metadata` (
  `id` int(11) NOT NULL AUTO_INCREMENT,
  `parent_id` int(11) NOT NULL DEFAULT 0,
  `key` varchar(20) NOT NULL,
  `value` varchar(100) NOT NULL,
  `user_id` int(11) NOT NULL DEFAULT 0,
  `created_at` int(11) NOT NULL DEFAULT 0,
  `updated_at` int(11) NOT NULL DEFAULT 0,
  PRIMARY KEY (`id`)
) ENGINE=InnoDB DEFAULT CHARSET=utf8;

INSERT INTO `users_metadata` (`id`, `parent_id`, `key`, `value`, `user_id`, `created_at`, `updated_at`) VALUES
(1,	1,	'fullname',	'System administrator',	0,	1586596655,	0),
(2,	0,	'fullname',	'Guest',	0,	0,	0);

DROP TABLE IF EXISTS `users_permissions`;
CREATE TABLE `users_permissions` (
  `id` int(11) NOT NULL AUTO_INCREMENT,
  `area` varchar(25) NOT NULL,
  `permission` varchar(25) NOT NULL,
  `description` varchar(255) NOT NULL,
  `actions` text DEFAULT NULL,
  `user_id` int(11) NOT NULL DEFAULT 0,
  `created_at` int(11) NOT NULL DEFAULT 0,
  `updated_at` int(11) NOT NULL DEFAULT 0,
  PRIMARY KEY (`id`),
  UNIQUE KEY `permission` (`area`,`permission`)
) ENGINE=InnoDB DEFAULT CHARSET=utf8;


DROP TABLE IF EXISTS `users_providers`;
CREATE TABLE `users_providers` (
  `id` int(11) NOT NULL AUTO_INCREMENT,
  `parent_id` int(11) NOT NULL DEFAULT 0,
  `provider` varchar(50) NOT NULL,
  `uid` varchar(255) NOT NULL,
  `secret` varchar(255) DEFAULT NULL,
  `access_token` varchar(255) DEFAULT NULL,
  `expires` int(12) DEFAULT 0,
  `refresh_token` varchar(255) DEFAULT NULL,
  `user_id` int(11) NOT NULL DEFAULT 0,
  `created_at` int(11) NOT NULL DEFAULT 0,
  `updated_at` int(11) NOT NULL DEFAULT 0,
  PRIMARY KEY (`id`),
  KEY `parent_id` (`parent_id`)
) ENGINE=InnoDB DEFAULT CHARSET=utf8;


DROP TABLE IF EXISTS `users_roles`;
CREATE TABLE `users_roles` (
  `id` int(11) NOT NULL AUTO_INCREMENT,
  `name` varchar(255) NOT NULL,
  `filter` enum('','A','D','R') NOT NULL DEFAULT '',
  `user_id` int(11) NOT NULL DEFAULT 0,
  `created_at` int(11) NOT NULL DEFAULT 0,
  `updated_at` int(11) NOT NULL DEFAULT 0,
  PRIMARY KEY (`id`)
) ENGINE=InnoDB DEFAULT CHARSET=utf8;

INSERT INTO `users_roles` (`id`, `name`, `filter`, `user_id`, `created_at`, `updated_at`) VALUES
(1,	'banned',	'D',	0,	0,	0),
(2,	'public',	'',	0,	0,	0),
(3,	'user',	'',	0,	0,	0),
(4,	'moderator',	'',	0,	0,	0),
(5,	'administrator',	'',	0,	0,	0),
(6,	'superadmin',	'A',	0,	0,	0);

DROP TABLE IF EXISTS `users_role_permissions`;
CREATE TABLE `users_role_permissions` (
  `id` int(11) NOT NULL AUTO_INCREMENT,
  `role_id` int(11) NOT NULL,
  `perms_id` int(11) NOT NULL,
  `actions` text DEFAULT NULL,
  PRIMARY KEY (`id`)
) ENGINE=InnoDB DEFAULT CHARSET=utf8;


DROP TABLE IF EXISTS `users_scopes`;
CREATE TABLE `users_scopes` (
  `id` int(11) NOT NULL AUTO_INCREMENT,
  `scope` varchar(64) NOT NULL DEFAULT '',
  `name` varchar(64) NOT NULL DEFAULT '',
  `description` varchar(255) NOT NULL DEFAULT '',
  PRIMARY KEY (`id`),
  UNIQUE KEY `scope` (`scope`)
) ENGINE=InnoDB DEFAULT CHARSET=utf8;


DROP TABLE IF EXISTS `users_sessions`;
CREATE TABLE `users_sessions` (
  `id` int(11) NOT NULL AUTO_INCREMENT,
  `client_id` varchar(32) NOT NULL DEFAULT '',
  `redirect_uri` varchar(255) NOT NULL DEFAULT '',
  `type_id` varchar(64) NOT NULL,
  `type` enum('user','auto') NOT NULL DEFAULT 'user',
  `code` text NOT NULL,
  `access_token` varchar(50) NOT NULL DEFAULT '',
  `stage` enum('request','granted') NOT NULL DEFAULT 'request',
  `first_requested` int(11) NOT NULL,
  `last_updated` int(11) NOT NULL,
  `limited_access` tinyint(1) NOT NULL DEFAULT 0,
  PRIMARY KEY (`id`),
  KEY `oauth_sessions_ibfk_1` (`client_id`),
  CONSTRAINT `oauth_sessions_ibfk_1` FOREIGN KEY (`client_id`) REFERENCES `users_clients` (`client_id`) ON DELETE CASCADE
) ENGINE=InnoDB DEFAULT CHARSET=utf8;


DROP TABLE IF EXISTS `users_sessionscopes`;
CREATE TABLE `users_sessionscopes` (
  `id` int(11) NOT NULL AUTO_INCREMENT,
  `session_id` int(11) NOT NULL,
  `access_token` varchar(50) NOT NULL DEFAULT '',
  `scope` varchar(64) NOT NULL DEFAULT '',
  PRIMARY KEY (`id`),
  KEY `session_id` (`session_id`),
  KEY `access_token` (`access_token`),
  KEY `scope` (`scope`),
  CONSTRAINT `oauth_sessionscopes_ibfk_1` FOREIGN KEY (`scope`) REFERENCES `users_scopes` (`scope`),
  CONSTRAINT `oauth_sessionscopes_ibfk_2` FOREIGN KEY (`session_id`) REFERENCES `users_sessions` (`id`) ON DELETE CASCADE
) ENGINE=InnoDB DEFAULT CHARSET=utf8;


DROP TABLE IF EXISTS `users_user_permissions`;
CREATE TABLE `users_user_permissions` (
  `id` int(11) NOT NULL AUTO_INCREMENT,
  `user_id` int(11) NOT NULL,
  `perms_id` int(11) NOT NULL,
  `actions` text DEFAULT NULL,
  PRIMARY KEY (`id`)
) ENGINE=InnoDB DEFAULT CHARSET=utf8;


DROP TABLE IF EXISTS `users_user_roles`;
CREATE TABLE `users_user_roles` (
  `user_id` int(11) NOT NULL,
  `role_id` int(11) NOT NULL,
  PRIMARY KEY (`user_id`,`role_id`)
) ENGINE=InnoDB DEFAULT CHARSET=utf8;


DROP TABLE IF EXISTS `vendedors`;
CREATE TABLE `vendedors` (
  `id` int(11) unsigned NOT NULL AUTO_INCREMENT,
  `nome` varchar(50) NOT NULL,
  `email` varchar(50) NOT NULL,
  `cpf` varchar(12) NOT NULL,
  `created_at` int(11) NOT NULL,
  `updated_at` int(11) NOT NULL,
  PRIMARY KEY (`id`)
) ENGINE=InnoDB DEFAULT CHARSET=utf8;


-- 2020-04-11 16:59:50

